disposed,lat,lon,m_time,measure_time,p_time,push_time,puuid,sensors,setting,sn
False,24.795,120.987,1676680155,2023-02-18T00:29:15Z,1676680158,2023-02-18T00:29:18Z,c92494ea-5e44-4507-8776-984705d1fd2b_2023-02_v0,"[{""name"": ""c0_rh0#rh_p#0"", ""value"": 60.3, ""config"": null}, {""name"": ""c0_tm0#tm_c#0"", ""value"": 18.2, ""config"": null}, {""name"": ""c0_wv0#wv_deg#0"", ""value"": 330, ""config"": null}, {""name"": ""c0_am0#am_ms#0"", ""value"": 0, ""config"": null}, {""name"": ""c0_pm10#pm_ugm3#0"", ""value"": 0, ""config"": [0, 0]}, {""name"": ""c0_pm2p5#pm_ugm3#0"", ""value"": 0, ""config"": [0, 0]}, {""name"": ""c1_4#ec_na#0"", ""value"": -2.148437977, ""config"": [0, 0, 0, 0, 1, 0]}, {""name"": ""c1_0#ec_na#0"", ""value"": 4.296875, ""config"": [1, 1, 1, 0, 0, 1]}, {""name"": ""c1_3#ec_na#0"", ""value"": -12.890625, ""config"": [1, 1, 0, 0, 0, 1]}, {""name"": ""c1_5#ec_na#0"", ""value"": 34.86328125, ""config"": [0, 0, 0, 0, 0, 0]}, {""name"": ""e0_so2#mc_ppb#0"", ""value"": 1, ""config"": null}, {""name"": ""e0_no2#mc_ppb#0"", ""value"": 1, ""config"": null}, {""name"": ""e0_o3#mc_ppb#0"", ""value"": 1, ""config"": null}, {""name"": ""e0_co#mc_ppm#0"", ""value"": 1, ""config"": null}]","{""km_e"": [""e0_co#mc_ppm#0"", ""e0_so2#mc_ppb#0"", ""e0_o3#mc_ppb#0"", ""e0_no2#mc_ppb#0""], ""km_g"": [""co"", ""so2"", ""o3"", ""no2""], ""km_s"": [""c1_0#ec_na#0"", ""c1_5#ec_na#0"", ""c1_4#ec_na#0"", ""c1_3#ec_na#0""]}",ENSABE020002
False,24.795,120.987,1676680576,2023-02-18T00:36:16Z,1676680578,2023-02-18T00:36:18Z,c92494ea-5e44-4507-8776-984705d1fd2b_2023-02_v0,"[{""name"": ""c0_rh0#rh_p#0"", ""value"": 60.3, ""config"": null}, {""name"": ""c0_tm0#tm_c#0"", ""value"": 18.2, ""config"": null}, {""name"": ""c0_wv0#wv_deg#0"", ""value"": 330, ""config"": null}, {""name"": ""c0_am0#am_ms#0"", ""value"": 0, ""config"": null}, {""name"": ""c0_pm10#pm_ugm3#0"", ""value"": 0, ""config"": [0, 0]}, {""name"": ""c0_pm2p5#pm_ugm3#0"", ""value"": 0, ""config"": [0, 0]}, {""name"": ""c1_4#ec_na#0"", ""value"": -2.050781012, ""config"": [0, 0, 0, 0, 1, 0]}, {""name"": ""c1_0#ec_na#0"", ""value"": 3.90625, ""config"": [1, 1, 1, 0, 0, 1]}, {""name"": ""c1_3#ec_na#0"", ""value"": -12.5, ""config"": [1, 1, 0, 0, 0, 1]}, {""name"": ""c1_5#ec_na#0"", ""value"": 37.3046875, ""config"": [0, 0, 0, 0, 0, 0]}, {""name"": ""e0_so2#mc_ppb#0"", ""value"": 1, ""config"": null}, {""name"": ""e0_no2#mc_ppb#0"", ""value"": 1, ""config"": null}, {""name"": ""e0_o3#mc_ppb#0"", ""value"": 1, ""config"": null}, {""name"": ""e0_co#mc_ppm#0"", ""value"": 1, ""config"": null}]","{""km_e"": [""e0_co#mc_ppm#0"", ""e0_so2#mc_ppb#0"", ""e0_o3#mc_ppb#0"", ""e0_no2#mc_ppb#0""], ""km_g"": [""co"", ""so2"", ""o3"", ""no2""], ""km_s"": [""c1_0#ec_na#0"", ""c1_5#ec_na#0"", ""c1_4#ec_na#0"", ""c1_3#ec_na#0""]}",ENSABE020002
False,24.795,120.987,1676683155,2023-02-18T01:19:15Z,1676683158,2023-02-18T01:19:18Z,c92494ea-5e44-4507-8776-984705d1fd2b_2023-02_v0,"[{""name"": ""c0_rh0#rh_p#0"", ""value"": 60.3, ""config"": null}, {""name"": ""c0_tm0#tm_c#0"", ""value"": 18.2, ""config"": null}, {""name"": ""c0_wv0#wv_deg#0"", ""value"": 330, ""config"": null}, {""name"": ""c0_am0#am_ms#0"", ""value"": 0, ""config"": null}, {""name"": ""c0_pm10#pm_ugm3#0"", ""value"": 0, ""config"": [0, 0]}, {""name"": ""c0_pm2p5#pm_ugm3#0"", ""value"": 0, ""config"": [0, 0]}, {""name"": ""c1_4#ec_na#0"", ""value"": -1.855468988, ""config"": [0, 0, 0, 0, 1, 0]}, {""name"": ""c1_0#ec_na#0"", ""value"": 5.371094227, ""config"": [1, 1, 1, 0, 0, 1]}, {""name"": ""c1_3#ec_na#0"", ""value"": -12.79296875, ""config"": [1, 1, 0, 0, 0, 1]}, {""name"": ""c1_5#ec_na#0"", ""value"": 46.58203125, ""config"": [0, 0, 0, 0, 0, 0]}, {""name"": ""e0_so2#mc_ppb#0"", ""value"": 1, ""config"": null}, {""name"": ""e0_no2#mc_ppb#0"", ""value"": 1, ""config"": null}, {""name"": ""e0_o3#mc_ppb#0"", ""value"": 1, ""config"": null}, {""name"": ""e0_co#mc_ppm#0"", ""value"": 1, ""config"": null}]","{""km_e"": [""e0_co#mc_ppm#0"", ""e0_so2#mc_ppb#0"", ""e0_o3#mc_ppb#0"", ""e0_no2#mc_ppb#0""], ""km_g"": [""co"", ""so2"", ""o3"", ""no2""], ""km_s"": [""c1_0#ec_na#0"", ""c1_5#ec_na#0"", ""c1_4#ec_na#0"", ""c1_3#ec_na#0""]}",ENSABE020002
False,24.795,120.987,1676684175,2023-02-18T01:36:15Z,1676684178,2023-02-18T01:36:18Z,c92494ea-5e44-4507-8776-984705d1fd2b_2023-02_v0,"[{""name"": ""c0_rh0#rh_p#0"", ""value"": 60.3, ""config"": null}, {""name"": ""c0_tm0#tm_c#0"", ""value"": 18.2, ""config"": null}, {""name"": ""c0_wv0#wv_deg#0"", ""value"": 330, ""config"": null}, {""name"": ""c0_am0#am_ms#0"", ""value"": 0, ""config"": null}, {""name"": ""c0_pm10#pm_ugm3#0"", ""value"": 0, ""config"": [0, 0]}, {""name"": ""c0_pm2p5#pm_ugm3#0"", ""value"": 0, ""config"": [0, 0]}, {""name"": ""c1_4#ec_na#0"", ""value"": -1.660156012, ""config"": [0, 0, 0, 0, 1, 0]}, {""name"": ""c1_0#ec_na#0"", ""value"": 5.46875, ""config"": [1, 1, 1, 0, 0, 1]}, {""name"": ""c1_3#ec_na#0"", ""value"": -12.40234375, ""config"": [1, 1, 0, 0, 0, 1]}, {""name"": ""c1_5#ec_na#0"", ""value"": 53.41796875, ""config"": [0, 0, 0, 0, 0, 0]}, {""name"": ""e0_so2#mc_ppb#0"", ""value"": 1, ""config"": null}, {""name"": ""e0_no2#mc_ppb#0"", ""value"": 1, ""config"": null}, {""name"": ""e0_o3#mc_ppb#0"", ""value"": 1, ""config"": null}, {""name"": ""e0_co#mc_ppm#0"", ""value"": 1, ""config"": null}]","{""km_e"": [""e0_co#mc_ppm#0"", ""e0_so2#mc_ppb#0"", ""e0_o3#mc_ppb#0"", ""e0_no2#mc_ppb#0""], ""km_g"": [""co"", ""so2"", ""o3"", ""no2""], ""km_s"": [""c1_0#ec_na#0"", ""c1_5#ec_na#0"", ""c1_4#ec_na#0"", ""c1_3#ec_na#0""]}",ENSABE020002
False,24.795,120.987,1676685795,2023-02-18T02:03:15Z,1676685798,2023-02-18T02:03:18Z,c92494ea-5e44-4507-8776-984705d1fd2b_2023-02_v0,"[{""name"": ""c0_rh0#rh_p#0"", ""value"": 60.3, ""config"": null}, {""name"": ""c0_tm0#tm_c#0"", ""value"": 18.2, ""config"": null}, {""name"": ""c0_wv0#wv_deg#0"", ""value"": 330, ""config"": null}, {""name"": ""c0_am0#am_ms#0"", ""value"": 0, ""config"": null}, {""name"": ""c0_pm10#pm_ugm3#0"", ""value"": 0, ""config"": [0, 0]}, {""name"": ""c0_pm2p5#pm_ugm3#0"", ""value"": 0, ""config"": [0, 0]}, {""name"": ""c1_4#ec_na#0"", ""value"": -1.855468988, ""config"": [0, 0, 0, 0, 1, 0]}, {""name"": ""c1_0#ec_na#0"", ""value"": 6.445312023, ""config"": [1, 1, 1, 0, 0, 1]}, {""name"": ""c1_3#ec_na#0"", ""value"": -11.42578125, ""config"": [1, 1, 0, 0, 0, 1]}, {""name"": ""c1_5#ec_na#0"", ""value"": 59.765625, ""config"": [0, 0, 0, 0, 0, 0]}, {""name"": ""e0_so2#mc_ppb#0"", ""value"": 1, ""config"": null}, {""name"": ""e0_no2#mc_ppb#0"", ""value"": 1, ""config"": null}, {""name"": ""e0_o3#mc_ppb#0"", ""value"": 1, ""config"": null}, {""name"": ""e0_co#mc_ppm#0"", ""value"": 1, ""config"": null}]","{""km_e"": [""e0_co#mc_ppm#0"", ""e0_so2#mc_ppb#0"", ""e0_o3#mc_ppb#0"", ""e0_no2#mc_ppb#0""], ""km_g"": [""co"", ""so2"", ""o3"", ""no2""], ""km_s"": [""c1_0#ec_na#0"", ""c1_5#ec_na#0"", ""c1_4#ec_na#0"", ""c1_3#ec_na#0""]}",ENSABE020002
False,24.795,120.987,1676686515,2023-02-18T02:15:15Z,1676686518,2023-02-18T02:15:18Z,c92494ea-5e44-4507-8776-984705d1fd2b_2023-02_v0,"[{""name"": ""c0_rh0#rh_p#0"", ""value"": 60.3, ""config"": null}, {""name"": ""c0_tm0#tm_c#0"", ""value"": 18.2, ""config"": null}, {""name"": ""c0_wv0#wv_deg#0"", ""value"": 330, ""config"": null}, {""name"": ""c0_am0#am_ms#0"", ""value"": 0, ""config"": null}, {""name"": ""c0_pm10#pm_ugm3#0"", ""value"": 0, ""config"": [0, 0]}, {""name"": ""c0_pm2p5#pm_ugm3#0"", ""value"": 0, ""config"": [0, 0]}, {""name"": ""c1_4#ec_na#0"", ""value"": -2.050781012, ""config"": [0, 0, 0, 0, 1, 0]}, {""name"": ""c1_0#ec_na#0"", ""value"": 6.835937977, ""config"": [1, 1, 1, 0, 0, 1]}, {""name"": ""c1_3#ec_na#0"", ""value"": -12.69531155, ""config"": [1, 1, 0, 0, 0, 1]}, {""name"": ""c1_5#ec_na#0"", ""value"": 64.6484375, ""config"": [0, 0, 0, 0, 0, 0]}, {""name"": ""e0_so2#mc_ppb#0"", ""value"": 1, ""config"": null}, {""name"": ""e0_no2#mc_ppb#0"", ""value"": 1, ""config"": null}, {""name"": ""e0_o3#mc_ppb#0"", ""value"": 1, ""config"": null}, {""name"": ""e0_co#mc_ppm#0"", ""value"": 1, ""config"": null}]","{""km_e"": [""e0_co#mc_ppm#0"", ""e0_so2#mc_ppb#0"", ""e0_o3#mc_ppb#0"", ""e0_no2#mc_ppb#0""], ""km_g"": [""co"", ""so2"", ""o3"", ""no2""], ""km_s"": [""c1_0#ec_na#0"", ""c1_5#ec_na#0"", ""c1_4#ec_na#0"", ""c1_3#ec_na#0""]}",ENSABE020002
False,24.795,120.987,1676688015,2023-02-18T02:40:15Z,1676688018,2023-02-18T02:40:18Z,c92494ea-5e44-4507-8776-984705d1fd2b_2023-02_v0,"[{""name"": ""c0_rh0#rh_p#0"", ""value"": 60.3, ""config"": null}, {""name"": ""c0_tm0#tm_c#0"", ""value"": 18.2, ""config"": null}, {""name"": ""c0_wv0#wv_deg#0"", ""value"": 330, ""config"": null}, {""name"": ""c0_am0#am_ms#0"", ""value"": 0, ""config"": null}, {""name"": ""c0_pm10#pm_ugm3#0"", ""value"": 0, ""config"": [0, 0]}, {""name"": ""c0_pm2p5#pm_ugm3#0"", ""value"": 0, ""config"": [0, 0]}, {""name"": ""c1_4#ec_na#0"", ""value"": -2.34375, ""config"": [0, 0, 0, 0, 1, 0]}, {""name"": ""c1_0#ec_na#0"", ""value"": 7.714844227, ""config"": [1, 1, 1, 0, 0, 1]}, {""name"": ""c1_3#ec_na#0"", ""value"": -12.69531155, ""config"": [1, 1, 0, 0, 0, 1]}, {""name"": ""c1_5#ec_na#0"", ""value"": 77.1484375, ""config"": [0, 0, 0, 0, 0, 0]}, {""name"": ""e0_so2#mc_ppb#0"", ""value"": 1, ""config"": null}, {""name"": ""e0_no2#mc_ppb#0"", ""value"": 1, ""config"": null}, {""name"": ""e0_o3#mc_ppb#0"", ""value"": 1, ""config"": null}, {""name"": ""e0_co#mc_ppm#0"", ""value"": 1, ""config"": null}]","{""km_e"": [""e0_co#mc_ppm#0"", ""e0_so2#mc_ppb#0"", ""e0_o3#mc_ppb#0"", ""e0_no2#mc_ppb#0""], ""km_g"": [""co"", ""so2"", ""o3"", ""no2""], ""km_s"": [""c1_0#ec_na#0"", ""c1_5#ec_na#0"", ""c1_4#ec_na#0"", ""c1_3#ec_na#0""]}",ENSABE020002
False,24.795,120.987,1676689215,2023-02-18T03:00:15Z,1676689218,2023-02-18T03:00:18Z,c92494ea-5e44-4507-8776-984705d1fd2b_2023-02_v0,"[{""name"": ""c0_rh0#rh_p#0"", ""value"": 60.3, ""config"": null}, {""name"": ""c0_tm0#tm_c#0"", ""value"": 18.2, ""config"": null}, {""name"": ""c0_wv0#wv_deg#0"", ""value"": 330, ""config"": null}, {""name"": ""c0_am0#am_ms#0"", ""value"": 0, ""config"": null}, {""name"": ""c0_pm10#pm_ugm3#0"", ""value"": 0, ""config"": [0, 0]}, {""name"": ""c0_pm2p5#pm_ugm3#0"", ""value"": 0, ""config"": [0, 0]}, {""name"": ""c1_4#ec_na#0"", ""value"": -2.246093988, ""config"": [0, 0, 0, 0, 1, 0]}, {""name"": ""c1_0#ec_na#0"", ""value"": 8.203125, ""config"": [1, 1, 1, 0, 0, 1]}, {""name"": ""c1_3#ec_na#0"", ""value"": -12.890625, ""config"": [1, 1, 0, 0, 0, 1]}, {""name"": ""c1_5#ec_na#0"", ""value"": 84.5703125, ""config"": [0, 0, 0, 0, 0, 0]}, {""name"": ""e0_so2#mc_ppb#0"", ""value"": 1, ""config"": null}, {""name"": ""e0_no2#mc_ppb#0"", ""value"": 1, ""config"": null}, {""name"": ""e0_o3#mc_ppb#0"", ""value"": 1, ""config"": null}, {""name"": ""e0_co#mc_ppm#0"", ""value"": 1, ""config"": null}]","{""km_e"": [""e0_co#mc_ppm#0"", ""e0_so2#mc_ppb#0"", ""e0_o3#mc_ppb#0"", ""e0_no2#mc_ppb#0""], ""km_g"": [""co"", ""so2"", ""o3"", ""no2""], ""km_s"": [""c1_0#ec_na#0"", ""c1_5#ec_na#0"", ""c1_4#ec_na#0"", ""c1_3#ec_na#0""]}",ENSABE020002
False,24.795,120.987,1676691135,2023-02-18T03:32:15Z,1676691138,2023-02-18T03:32:18Z,c92494ea-5e44-4507-8776-984705d1fd2b_2023-02_v0,"[{""name"": ""c0_rh0#rh_p#0"", ""value"": 60.3, ""config"": null}, {""name"": ""c0_tm0#tm_c#0"", ""value"": 18.2, ""config"": null}, {""name"": ""c0_wv0#wv_deg#0"", ""value"": 330, ""config"": null}, {""name"": ""c0_am0#am_ms#0"", ""value"": 0, ""config"": null}, {""name"": ""c0_pm10#pm_ugm3#0"", ""value"": 0, ""config"": [0, 0]}, {""name"": ""c0_pm2p5#pm_ugm3#0"", ""value"": 0, ""config"": [0, 0]}, {""name"": ""c1_4#ec_na#0"", ""value"": -2.441406012, ""config"": [0, 0, 0, 0, 1, 0]}, {""name"": ""c1_0#ec_na#0"", ""value"": 7.617187977, ""config"": [1, 1, 1, 0, 0, 1]}, {""name"": ""c1_3#ec_na#0"", ""value"": -14.84375, ""config"": [1, 1, 0, 0, 0, 1]}, {""name"": ""c1_5#ec_na#0"", ""value"": 83.10546875, ""config"": [0, 0, 0, 0, 0, 0]}, {""name"": ""e0_so2#mc_ppb#0"", ""value"": 1, ""config"": null}, {""name"": ""e0_no2#mc_ppb#0"", ""value"": 1, ""config"": null}, {""name"": ""e0_o3#mc_ppb#0"", ""value"": 1, ""config"": null}, {""name"": ""e0_co#mc_ppm#0"", ""value"": 1, ""config"": null}]","{""km_e"": [""e0_co#mc_ppm#0"", ""e0_so2#mc_ppb#0"", ""e0_o3#mc_ppb#0"", ""e0_no2#mc_ppb#0""], ""km_g"": [""co"", ""so2"", ""o3"", ""no2""], ""km_s"": [""c1_0#ec_na#0"", ""c1_5#ec_na#0"", ""c1_4#ec_na#0"", ""c1_3#ec_na#0""]}",ENSABE020002
False,24.795,120.987,1676692576,2023-02-18T03:56:16Z,1676692578,2023-02-18T03:56:18Z,c92494ea-5e44-4507-8776-984705d1fd2b_2023-02_v0,"[{""name"": ""c0_rh0#rh_p#0"", ""value"": 60.3, ""config"": null}, {""name"": ""c0_tm0#tm_c#0"", ""value"": 18.2, ""config"": null}, {""name"": ""c0_wv0#wv_deg#0"", ""value"": 330, ""config"": null}, {""name"": ""c0_am0#am_ms#0"", ""value"": 0, ""config"": null}, {""name"": ""c0_pm10#pm_ugm3#0"", ""value"": 0, ""config"": [0, 0]}, {""name"": ""c0_pm2p5#pm_ugm3#0"", ""value"": 0, ""config"": [0, 0]}, {""name"": ""c1_4#ec_na#0"", ""value"": -2.832031012, ""config"": [0, 0, 0, 0, 1, 0]}, {""name"": ""c1_0#ec_na#0"", ""value"": 7.8125, ""config"": [1, 1, 1, 0, 0, 1]}, {""name"": ""c1_3#ec_na#0"", ""value"": -14.55078125, ""config"": [1, 1, 0, 0, 0, 1]}, {""name"": ""c1_5#ec_na#0"", ""value"": 84.5703125, ""config"": [0, 0, 0, 0, 0, 0]}, {""name"": ""e0_so2#mc_ppb#0"", ""value"": 1, ""config"": null}, {""name"": ""e0_no2#mc_ppb#0"", ""value"": 1, ""config"": null}, {""name"": ""e0_o3#mc_ppb#0"", ""value"": 1, ""config"": null}, {""name"": ""e0_co#mc_ppm#0"", ""value"": 1, ""config"": null}]","{""km_e"": [""e0_co#mc_ppm#0"", ""e0_so2#mc_ppb#0"", ""e0_o3#mc_ppb#0"", ""e0_no2#mc_ppb#0""], ""km_g"": [""co"", ""so2"", ""o3"", ""no2""], ""km_s"": [""c1_0#ec_na#0"", ""c1_5#ec_na#0"", ""c1_4#ec_na#0"", ""c1_3#ec_na#0""]}",ENSABE020002
False,24.795,120.987,1676693956,2023-02-18T04:19:16Z,1676693958,2023-02-18T04:19:18Z,c92494ea-5e44-4507-8776-984705d1fd2b_2023-02_v0,"[{""name"": ""c0_rh0#rh_p#0"", ""value"": 60.3, ""config"": null}, {""name"": ""c0_tm0#tm_c#0"", ""value"": 18.2, ""config"": null}, {""name"": ""c0_wv0#wv_deg#0"", ""value"": 330, ""config"": null}, {""name"": ""c0_am0#am_ms#0"", ""value"": 0, ""config"": null}, {""name"": ""c0_pm10#pm_ugm3#0"", ""value"": 0, ""config"": [0, 0]}, {""name"": ""c0_pm2p5#pm_ugm3#0"", ""value"": 0, ""config"": [0, 0]}, {""name"": ""c1_4#ec_na#0"", ""value"": -2.636718988, ""config"": [0, 0, 0, 0, 1, 0]}, {""name"": ""c1_0#ec_na#0"", ""value"": 7.8125, ""config"": [1, 1, 1, 0, 0, 1]}, {""name"": ""c1_3#ec_na#0"", ""value"": -14.0625, ""config"": [1, 1, 0, 0, 0, 1]}, {""name"": ""c1_5#ec_na#0"", ""value"": 87.20703125, ""config"": [0, 0, 0, 0, 0, 0]}, {""name"": ""e0_so2#mc_ppb#0"", ""value"": 1, ""config"": null}, {""name"": ""e0_no2#mc_ppb#0"", ""value"": 1, ""config"": null}, {""name"": ""e0_o3#mc_ppb#0"", ""value"": 1, ""config"": null}, {""name"": ""e0_co#mc_ppm#0"", ""value"": 1, ""config"": null}]","{""km_e"": [""e0_co#mc_ppm#0"", ""e0_so2#mc_ppb#0"", ""e0_o3#mc_ppb#0"", ""e0_no2#mc_ppb#0""], ""km_g"": [""co"", ""so2"", ""o3"", ""no2""], ""km_s"": [""c1_0#ec_na#0"", ""c1_5#ec_na#0"", ""c1_4#ec_na#0"", ""c1_3#ec_na#0""]}",ENSABE020002
False,24.795,120.987,1676694676,2023-02-18T04:31:16Z,1676694678,2023-02-18T04:31:18Z,c92494ea-5e44-4507-8776-984705d1fd2b_2023-02_v0,"[{""name"": ""c0_rh0#rh_p#0"", ""value"": 60.3, ""config"": null}, {""name"": ""c0_tm0#tm_c#0"", ""value"": 18.2, ""config"": null}, {""name"": ""c0_wv0#wv_deg#0"", ""value"": 330, ""config"": null}, {""name"": ""c0_am0#am_ms#0"", ""value"": 0, ""config"": null}, {""name"": ""c0_pm10#pm_ugm3#0"", ""value"": 0, ""config"": [0, 0]}, {""name"": ""c0_pm2p5#pm_ugm3#0"", ""value"": 0, ""config"": [0, 0]}, {""name"": ""c1_4#ec_na#0"", ""value"": -2.441406012, ""config"": [0, 0, 0, 0, 1, 0]}, {""name"": ""c1_0#ec_na#0"", ""value"": 7.8125, ""config"": [1, 1, 1, 0, 0, 1]}, {""name"": ""c1_3#ec_na#0"", ""value"": -12.69531155, ""config"": [1, 1, 0, 0, 0, 1]}, {""name"": ""c1_5#ec_na#0"", ""value"": 85.44921875, ""config"": [0, 0, 0, 0, 0, 0]}, {""name"": ""e0_so2#mc_ppb#0"", ""value"": 1, ""config"": null}, {""name"": ""e0_no2#mc_ppb#0"", ""value"": 1, ""config"": null}, {""name"": ""e0_o3#mc_ppb#0"", ""value"": 1, ""config"": null}, {""name"": ""e0_co#mc_ppm#0"", ""value"": 1, ""config"": null}]","{""km_e"": [""e0_co#mc_ppm#0"", ""e0_so2#mc_ppb#0"", ""e0_o3#mc_ppb#0"", ""e0_no2#mc_ppb#0""], ""km_g"": [""co"", ""so2"", ""o3"", ""no2""], ""km_s"": [""c1_0#ec_na#0"", ""c1_5#ec_na#0"", ""c1_4#ec_na#0"", ""c1_3#ec_na#0""]}",ENSABE020002
False,24.795,120.987,1676695276,2023-02-18T04:41:16Z,1676695278,2023-02-18T04:41:18Z,c92494ea-5e44-4507-8776-984705d1fd2b_2023-02_v0,"[{""name"": ""c0_rh0#rh_p#0"", ""value"": 60.3, ""config"": null}, {""name"": ""c0_tm0#tm_c#0"", ""value"": 18.2, ""config"": null}, {""name"": ""c0_wv0#wv_deg#0"", ""value"": 330, ""config"": null}, {""name"": ""c0_am0#am_ms#0"", ""value"": 0, ""config"": null}, {""name"": ""c0_pm10#pm_ugm3#0"", ""value"": 0, ""config"": [0, 0]}, {""name"": ""c0_pm2p5#pm_ugm3#0"", ""value"": 0, ""config"": [0, 0]}, {""name"": ""c1_4#ec_na#0"", ""value"": -2.050781012, ""config"": [0, 0, 0, 0, 1, 0]}, {""name"": ""c1_0#ec_na#0"", ""value"": 7.421875, ""config"": [1, 1, 1, 0, 0, 1]}, {""name"": ""c1_3#ec_na#0"", ""value"": -14.25781155, ""config"": [1, 1, 0, 0, 0, 1]}, {""name"": ""c1_5#ec_na#0"", ""value"": 79.296875, ""config"": [0, 0, 0, 0, 0, 0]}, {""name"": ""e0_so2#mc_ppb#0"", ""value"": 1, ""config"": null}, {""name"": ""e0_no2#mc_ppb#0"", ""value"": 1, ""config"": null}, {""name"": ""e0_o3#mc_ppb#0"", ""value"": 1, ""config"": null}, {""name"": ""e0_co#mc_ppm#0"", ""value"": 1, ""config"": null}]","{""km_e"": [""e0_co#mc_ppm#0"", ""e0_so2#mc_ppb#0"", ""e0_o3#mc_ppb#0"", ""e0_no2#mc_ppb#0""], ""km_g"": [""co"", ""so2"", ""o3"", ""no2""], ""km_s"": [""c1_0#ec_na#0"", ""c1_5#ec_na#0"", ""c1_4#ec_na#0"", ""c1_3#ec_na#0""]}",ENSABE020002
False,24.795,120.987,1676695575,2023-02-18T04:46:15Z,1676695578,2023-02-18T04:46:18Z,c92494ea-5e44-4507-8776-984705d1fd2b_2023-02_v0,"[{""name"": ""c0_rh0#rh_p#0"", ""value"": 60.3, ""config"": null}, {""name"": ""c0_tm0#tm_c#0"", ""value"": 18.2, ""config"": null}, {""name"": ""c0_wv0#wv_deg#0"", ""value"": 330, ""config"": null}, {""name"": ""c0_am0#am_ms#0"", ""value"": 0, ""config"": null}, {""name"": ""c0_pm10#pm_ugm3#0"", ""value"": 0, ""config"": [0, 0]}, {""name"": ""c0_pm2p5#pm_ugm3#0"", ""value"": 0, ""config"": [0, 0]}, {""name"": ""c1_4#ec_na#0"", ""value"": -2.734375, ""config"": [0, 0, 0, 0, 1, 0]}, {""name"": ""c1_0#ec_na#0"", ""value"": 6.835937977, ""config"": [1, 1, 1, 0, 0, 1]}, {""name"": ""c1_3#ec_na#0"", ""value"": -14.453125, ""config"": [1, 1, 0, 0, 0, 1]}, {""name"": ""c1_5#ec_na#0"", ""value"": 78.3203125, ""config"": [0, 0, 0, 0, 0, 0]}, {""name"": ""e0_so2#mc_ppb#0"", ""value"": 1, ""config"": null}, {""name"": ""e0_no2#mc_ppb#0"", ""value"": 1, ""config"": null}, {""name"": ""e0_o3#mc_ppb#0"", ""value"": 1, ""config"": null}, {""name"": ""e0_co#mc_ppm#0"", ""value"": 1, ""config"": null}]","{""km_e"": [""e0_co#mc_ppm#0"", ""e0_so2#mc_ppb#0"", ""e0_o3#mc_ppb#0"", ""e0_no2#mc_ppb#0""], ""km_g"": [""co"", ""so2"", ""o3"", ""no2""], ""km_s"": [""c1_0#ec_na#0"", ""c1_5#ec_na#0"", ""c1_4#ec_na#0"", ""c1_3#ec_na#0""]}",ENSABE020002
False,24.795,120.987,1676696355,2023-02-18T04:59:15Z,1676696358,2023-02-18T04:59:18Z,c92494ea-5e44-4507-8776-984705d1fd2b_2023-02_v0,"[{""name"": ""c0_rh0#rh_p#0"", ""value"": 60.3, ""config"": null}, {""name"": ""c0_tm0#tm_c#0"", ""value"": 18.2, ""config"": null}, {""name"": ""c0_wv0#wv_deg#0"", ""value"": 330, ""config"": null}, {""name"": ""c0_am0#am_ms#0"", ""value"": 0, ""config"": null}, {""name"": ""c0_pm10#pm_ugm3#0"", ""value"": 0, ""config"": [0, 0]}, {""name"": ""c0_pm2p5#pm_ugm3#0"", ""value"": 0, ""config"": [0, 0]}, {""name"": ""c1_4#ec_na#0"", ""value"": -2.636718988, ""config"": [0, 0, 0, 0, 1, 0]}, {""name"": ""c1_0#ec_na#0"", ""value"": 7.128905773, ""config"": [1, 1, 1, 0, 0, 1]}, {""name"": ""c1_3#ec_na#0"", ""value"": -14.453125, ""config"": [1, 1, 0, 0, 0, 1]}, {""name"": ""c1_5#ec_na#0"", ""value"": 78.80859375, ""config"": [0, 0, 0, 0, 0, 0]}, {""name"": ""e0_so2#mc_ppb#0"", ""value"": 1, ""config"": null}, {""name"": ""e0_no2#mc_ppb#0"", ""value"": 1, ""config"": null}, {""name"": ""e0_o3#mc_ppb#0"", ""value"": 1, ""config"": null}, {""name"": ""e0_co#mc_ppm#0"", ""value"": 1, ""config"": null}]","{""km_e"": [""e0_co#mc_ppm#0"", ""e0_so2#mc_ppb#0"", ""e0_o3#mc_ppb#0"", ""e0_no2#mc_ppb#0""], ""km_g"": [""co"", ""so2"", ""o3"", ""no2""], ""km_s"": [""c1_0#ec_na#0"", ""c1_5#ec_na#0"", ""c1_4#ec_na#0"", ""c1_3#ec_na#0""]}",ENSABE020002
False,24.795,120.987,1676697556,2023-02-18T05:19:16Z,1676697558,2023-02-18T05:19:18Z,c92494ea-5e44-4507-8776-984705d1fd2b_2023-02_v0,"[{""name"": ""c0_rh0#rh_p#0"", ""value"": 60.3, ""config"": null}, {""name"": ""c0_tm0#tm_c#0"", ""value"": 18.2, ""config"": null}, {""name"": ""c0_wv0#wv_deg#0"", ""value"": 330, ""config"": null}, {""name"": ""c0_am0#am_ms#0"", ""value"": 0, ""config"": null}, {""name"": ""c0_pm10#pm_ugm3#0"", ""value"": 0, ""config"": [0, 0]}, {""name"": ""c0_pm2p5#pm_ugm3#0"", ""value"": 0, ""config"": [0, 0]}, {""name"": ""c1_4#ec_na#0"", ""value"": -2.246093988, ""config"": [0, 0, 0, 0, 1, 0]}, {""name"": ""c1_0#ec_na#0"", ""value"": 7.421875, ""config"": [1, 1, 1, 0, 0, 1]}, {""name"": ""c1_3#ec_na#0"", ""value"": -12.59765625, ""config"": [1, 1, 0, 0, 0, 1]}, {""name"": ""c1_5#ec_na#0"", ""value"": 83.49609375, ""config"": [0, 0, 0, 0, 0, 0]}, {""name"": ""e0_so2#mc_ppb#0"", ""value"": 1, ""config"": null}, {""name"": ""e0_no2#mc_ppb#0"", ""value"": 1, ""config"": null}, {""name"": ""e0_o3#mc_ppb#0"", ""value"": 1, ""config"": null}, {""name"": ""e0_co#mc_ppm#0"", ""value"": 1, ""config"": null}]","{""km_e"": [""e0_co#mc_ppm#0"", ""e0_so2#mc_ppb#0"", ""e0_o3#mc_ppb#0"", ""e0_no2#mc_ppb#0""], ""km_g"": [""co"", ""so2"", ""o3"", ""no2""], ""km_s"": [""c1_0#ec_na#0"", ""c1_5#ec_na#0"", ""c1_4#ec_na#0"", ""c1_3#ec_na#0""]}",ENSABE020002
False,24.795,120.987,1676697796,2023-02-18T05:23:16Z,1676697798,2023-02-18T05:23:18Z,c92494ea-5e44-4507-8776-984705d1fd2b_2023-02_v0,"[{""name"": ""c0_rh0#rh_p#0"", ""value"": 60.3, ""config"": null}, {""name"": ""c0_tm0#tm_c#0"", ""value"": 18.2, ""config"": null}, {""name"": ""c0_wv0#wv_deg#0"", ""value"": 330, ""config"": null}, {""name"": ""c0_am0#am_ms#0"", ""value"": 0, ""config"": null}, {""name"": ""c0_pm10#pm_ugm3#0"", ""value"": 0, ""config"": [0, 0]}, {""name"": ""c0_pm2p5#pm_ugm3#0"", ""value"": 0, ""config"": [0, 0]}, {""name"": ""c1_4#ec_na#0"", ""value"": -2.34375, ""config"": [0, 0, 0, 0, 1, 0]}, {""name"": ""c1_0#ec_na#0"", ""value"": 7.617187977, ""config"": [1, 1, 1, 0, 0, 1]}, {""name"": ""c1_3#ec_na#0"", ""value"": -13.671875, ""config"": [1, 1, 0, 0, 0, 1]}, {""name"": ""c1_5#ec_na#0"", ""value"": 85.9375, ""config"": [0, 0, 0, 0, 0, 0]}, {""name"": ""e0_so2#mc_ppb#0"", ""value"": 1, ""config"": null}, {""name"": ""e0_no2#mc_ppb#0"", ""value"": 1, ""config"": null}, {""name"": ""e0_o3#mc_ppb#0"", ""value"": 1, ""config"": null}, {""name"": ""e0_co#mc_ppm#0"", ""value"": 1, ""config"": null}]","{""km_e"": [""e0_co#mc_ppm#0"", ""e0_so2#mc_ppb#0"", ""e0_o3#mc_ppb#0"", ""e0_no2#mc_ppb#0""], ""km_g"": [""co"", ""so2"", ""o3"", ""no2""], ""km_s"": [""c1_0#ec_na#0"", ""c1_5#ec_na#0"", ""c1_4#ec_na#0"", ""c1_3#ec_na#0""]}",ENSABE020002
False,24.795,120.987,1676698097,2023-02-18T05:28:17Z,1676698098,2023-02-18T05:28:18Z,c92494ea-5e44-4507-8776-984705d1fd2b_2023-02_v0,"[{""name"": ""c0_rh0#rh_p#0"", ""value"": 60.3, ""config"": null}, {""name"": ""c0_tm0#tm_c#0"", ""value"": 18.2, ""config"": null}, {""name"": ""c0_wv0#wv_deg#0"", ""value"": 330, ""config"": null}, {""name"": ""c0_am0#am_ms#0"", ""value"": 0, ""config"": null}, {""name"": ""c0_pm10#pm_ugm3#0"", ""value"": 0, ""config"": [0, 0]}, {""name"": ""c0_pm2p5#pm_ugm3#0"", ""value"": 0, ""config"": [0, 0]}, {""name"": ""c1_4#ec_na#0"", ""value"": -2.34375, ""config"": [0, 0, 0, 0, 1, 0]}, {""name"": ""c1_0#ec_na#0"", ""value"": 7.617187977, ""config"": [1, 1, 1, 0, 0, 1]}, {""name"": ""c1_3#ec_na#0"", ""value"": -12.59765625, ""config"": [1, 1, 0, 0, 0, 1]}, {""name"": ""c1_5#ec_na#0"", ""value"": 88.671875, ""config"": [0, 0, 0, 0, 0, 0]}, {""name"": ""e0_so2#mc_ppb#0"", ""value"": 1, ""config"": null}, {""name"": ""e0_no2#mc_ppb#0"", ""value"": 1, ""config"": null}, {""name"": ""e0_o3#mc_ppb#0"", ""value"": 1, ""config"": null}, {""name"": ""e0_co#mc_ppm#0"", ""value"": 1, ""config"": null}]","{""km_e"": [""e0_co#mc_ppm#0"", ""e0_so2#mc_ppb#0"", ""e0_o3#mc_ppb#0"", ""e0_no2#mc_ppb#0""], ""km_g"": [""co"", ""so2"", ""o3"", ""no2""], ""km_s"": [""c1_0#ec_na#0"", ""c1_5#ec_na#0"", ""c1_4#ec_na#0"", ""c1_3#ec_na#0""]}",ENSABE020002
False,24.795,120.987,1676699056,2023-02-18T05:44:16Z,1676699058,2023-02-18T05:44:18Z,c92494ea-5e44-4507-8776-984705d1fd2b_2023-02_v0,"[{""name"": ""c0_rh0#rh_p#0"", ""value"": 60.3, ""config"": null}, {""name"": ""c0_tm0#tm_c#0"", ""value"": 18.2, ""config"": null}, {""name"": ""c0_wv0#wv_deg#0"", ""value"": 330, ""config"": null}, {""name"": ""c0_am0#am_ms#0"", ""value"": 0, ""config"": null}, {""name"": ""c0_pm10#pm_ugm3#0"", ""value"": 0, ""config"": [0, 0]}, {""name"": ""c0_pm2p5#pm_ugm3#0"", ""value"": 0, ""config"": [0, 0]}, {""name"": ""c1_4#ec_na#0"", ""value"": -2.34375, ""config"": [0, 0, 0, 0, 1, 0]}, {""name"": ""c1_0#ec_na#0"", ""value"": 7.8125, ""config"": [1, 1, 1, 0, 0, 1]}, {""name"": ""c1_3#ec_na#0"", ""value"": -12.890625, ""config"": [1, 1, 0, 0, 0, 1]}, {""name"": ""c1_5#ec_na#0"", ""value"": 89.0625, ""config"": [0, 0, 0, 0, 0, 0]}, {""name"": ""e0_so2#mc_ppb#0"", ""value"": 1, ""config"": null}, {""name"": ""e0_no2#mc_ppb#0"", ""value"": 1, ""config"": null}, {""name"": ""e0_o3#mc_ppb#0"", ""value"": 1, ""config"": null}, {""name"": ""e0_co#mc_ppm#0"", ""value"": 1, ""config"": null}]","{""km_e"": [""e0_co#mc_ppm#0"", ""e0_so2#mc_ppb#0"", ""e0_o3#mc_ppb#0"", ""e0_no2#mc_ppb#0""], ""km_g"": [""co"", ""so2"", ""o3"", ""no2""], ""km_s"": [""c1_0#ec_na#0"", ""c1_5#ec_na#0"", ""c1_4#ec_na#0"", ""c1_3#ec_na#0""]}",ENSABE020002
False,24.795,120.987,1676701696,2023-02-18T06:28:16Z,1676701698,2023-02-18T06:28:18Z,c92494ea-5e44-4507-8776-984705d1fd2b_2023-02_v0,"[{""name"": ""c0_rh0#rh_p#0"", ""value"": 60.3, ""config"": null}, {""name"": ""c0_tm0#tm_c#0"", ""value"": 18.2, ""config"": null}, {""name"": ""c0_wv0#wv_deg#0"", ""value"": 330, ""config"": null}, {""name"": ""c0_am0#am_ms#0"", ""value"": 0, ""config"": null}, {""name"": ""c0_pm10#pm_ugm3#0"", ""value"": 0, ""config"": [0, 0]}, {""name"": ""c0_pm2p5#pm_ugm3#0"", ""value"": 0, ""config"": [0, 0]}, {""name"": ""c1_4#ec_na#0"", ""value"": -2.636718988, ""config"": [0, 0, 0, 0, 1, 0]}, {""name"": ""c1_0#ec_na#0"", ""value"": 8.10546875, ""config"": [1, 1, 1, 0, 0, 1]}, {""name"": ""c1_3#ec_na#0"", ""value"": -13.47656155, ""config"": [1, 1, 0, 0, 0, 1]}, {""name"": ""c1_5#ec_na#0"", ""value"": 95.21484375, ""config"": [0, 0, 0, 0, 0, 0]}, {""name"": ""e0_so2#mc_ppb#0"", ""value"": 1, ""config"": null}, {""name"": ""e0_no2#mc_ppb#0"", ""value"": 1, ""config"": null}, {""name"": ""e0_o3#mc_ppb#0"", ""value"": 1, ""config"": null}, {""name"": ""e0_co#mc_ppm#0"", ""value"": 1, ""config"": null}]","{""km_e"": [""e0_co#mc_ppm#0"", ""e0_so2#mc_ppb#0"", ""e0_o3#mc_ppb#0"", ""e0_no2#mc_ppb#0""], ""km_g"": [""co"", ""so2"", ""o3"", ""no2""], ""km_s"": [""c1_0#ec_na#0"", ""c1_5#ec_na#0"", ""c1_4#ec_na#0"", ""c1_3#ec_na#0""]}",ENSABE020002
False,24.795,120.987,1676703616,2023-02-18T07:00:16Z,1676703618,2023-02-18T07:00:18Z,c92494ea-5e44-4507-8776-984705d1fd2b_2023-02_v0,"[{""name"": ""c0_rh0#rh_p#0"", ""value"": 60.3, ""config"": null}, {""name"": ""c0_tm0#tm_c#0"", ""value"": 18.2, ""config"": null}, {""name"": ""c0_wv0#wv_deg#0"", ""value"": 330, ""config"": null}, {""name"": ""c0_am0#am_ms#0"", ""value"": 0, ""config"": null}, {""name"": ""c0_pm10#pm_ugm3#0"", ""value"": 0, ""config"": [0, 0]}, {""name"": ""c0_pm2p5#pm_ugm3#0"", ""value"": 0, ""config"": [0, 0]}, {""name"": ""c1_4#ec_na#0"", ""value"": -2.636718988, ""config"": [0, 0, 0, 0, 1, 0]}, {""name"": ""c1_0#ec_na#0"", ""value"": 8.007811546, ""config"": [1, 1, 1, 0, 0, 1]}, {""name"": ""c1_3#ec_na#0"", ""value"": -12.890625, ""config"": [1, 1, 0, 0, 0, 1]}, {""name"": ""c1_5#ec_na#0"", ""value"": 91.11328125, ""config"": [0, 0, 0, 0, 0, 0]}, {""name"": ""e0_so2#mc_ppb#0"", ""value"": 1, ""config"": null}, {""name"": ""e0_no2#mc_ppb#0"", ""value"": 1, ""config"": null}, {""name"": ""e0_o3#mc_ppb#0"", ""value"": 1, ""config"": null}, {""name"": ""e0_co#mc_ppm#0"", ""value"": 1, ""config"": null}]","{""km_e"": [""e0_co#mc_ppm#0"", ""e0_so2#mc_ppb#0"", ""e0_o3#mc_ppb#0"", ""e0_no2#mc_ppb#0""], ""km_g"": [""co"", ""so2"", ""o3"", ""no2""], ""km_s"": [""c1_0#ec_na#0"", ""c1_5#ec_na#0"", ""c1_4#ec_na#0"", ""c1_3#ec_na#0""]}",ENSABE020002
False,24.795,120.987,1676704036,2023-02-18T07:07:16Z,1676704038,2023-02-18T07:07:18Z,c92494ea-5e44-4507-8776-984705d1fd2b_2023-02_v0,"[{""name"": ""c0_rh0#rh_p#0"", ""value"": 60.3, ""config"": null}, {""name"": ""c0_tm0#tm_c#0"", ""value"": 18.2, ""config"": null}, {""name"": ""c0_wv0#wv_deg#0"", ""value"": 330, ""config"": null}, {""name"": ""c0_am0#am_ms#0"", ""value"": 0, ""config"": null}, {""name"": ""c0_pm10#pm_ugm3#0"", ""value"": 0, ""config"": [0, 0]}, {""name"": ""c0_pm2p5#pm_ugm3#0"", ""value"": 0, ""config"": [0, 0]}, {""name"": ""c1_4#ec_na#0"", ""value"": -2.734375, ""config"": [0, 0, 0, 0, 1, 0]}, {""name"": ""c1_0#ec_na#0"", ""value"": 7.714844227, ""config"": [1, 1, 1, 0, 0, 1]}, {""name"": ""c1_3#ec_na#0"", ""value"": -13.18359375, ""config"": [1, 1, 0, 0, 0, 1]}, {""name"": ""c1_5#ec_na#0"", ""value"": 91.015625, ""config"": [0, 0, 0, 0, 0, 0]}, {""name"": ""e0_so2#mc_ppb#0"", ""value"": 1, ""config"": null}, {""name"": ""e0_no2#mc_ppb#0"", ""value"": 1, ""config"": null}, {""name"": ""e0_o3#mc_ppb#0"", ""value"": 1, ""config"": null}, {""name"": ""e0_co#mc_ppm#0"", ""value"": 1, ""config"": null}]","{""km_e"": [""e0_co#mc_ppm#0"", ""e0_so2#mc_ppb#0"", ""e0_o3#mc_ppb#0"", ""e0_no2#mc_ppb#0""], ""km_g"": [""co"", ""so2"", ""o3"", ""no2""], ""km_s"": [""c1_0#ec_na#0"", ""c1_5#ec_na#0"", ""c1_4#ec_na#0"", ""c1_3#ec_na#0""]}",ENSABE020002
False,24.795,120.987,1676704216,2023-02-18T07:10:16Z,1676704218,2023-02-18T07:10:18Z,c92494ea-5e44-4507-8776-984705d1fd2b_2023-02_v0,"[{""name"": ""c0_rh0#rh_p#0"", ""value"": 60.3, ""config"": null}, {""name"": ""c0_tm0#tm_c#0"", ""value"": 18.2, ""config"": null}, {""name"": ""c0_wv0#wv_deg#0"", ""value"": 330, ""config"": null}, {""name"": ""c0_am0#am_ms#0"", ""value"": 0, ""config"": null}, {""name"": ""c0_pm10#pm_ugm3#0"", ""value"": 0, ""config"": [0, 0]}, {""name"": ""c0_pm2p5#pm_ugm3#0"", ""value"": 0, ""config"": [0, 0]}, {""name"": ""c1_4#ec_na#0"", ""value"": -2.832031012, ""config"": [0, 0, 0, 0, 1, 0]}, {""name"": ""c1_0#ec_na#0"", ""value"": 7.8125, ""config"": [1, 1, 1, 0, 0, 1]}, {""name"": ""c1_3#ec_na#0"", ""value"": -14.0625, ""config"": [1, 1, 0, 0, 0, 1]}, {""name"": ""c1_5#ec_na#0"", ""value"": 91.50390625, ""config"": [0, 0, 0, 0, 0, 0]}, {""name"": ""e0_so2#mc_ppb#0"", ""value"": 1, ""config"": null}, {""name"": ""e0_no2#mc_ppb#0"", ""value"": 1, ""config"": null}, {""name"": ""e0_o3#mc_ppb#0"", ""value"": 1, ""config"": null}, {""name"": ""e0_co#mc_ppm#0"", ""value"": 1, ""config"": null}]","{""km_e"": [""e0_co#mc_ppm#0"", ""e0_so2#mc_ppb#0"", ""e0_o3#mc_ppb#0"", ""e0_no2#mc_ppb#0""], ""km_g"": [""co"", ""so2"", ""o3"", ""no2""], ""km_s"": [""c1_0#ec_na#0"", ""c1_5#ec_na#0"", ""c1_4#ec_na#0"", ""c1_3#ec_na#0""]}",ENSABE020002
False,24.795,120.987,1676704636,2023-02-18T07:17:16Z,1676704638,2023-02-18T07:17:18Z,c92494ea-5e44-4507-8776-984705d1fd2b_2023-02_v0,"[{""name"": ""c0_rh0#rh_p#0"", ""value"": 60.3, ""config"": null}, {""name"": ""c0_tm0#tm_c#0"", ""value"": 18.2, ""config"": null}, {""name"": ""c0_wv0#wv_deg#0"", ""value"": 330, ""config"": null}, {""name"": ""c0_am0#am_ms#0"", ""value"": 0, ""config"": null}, {""name"": ""c0_pm10#pm_ugm3#0"", ""value"": 0, ""config"": [0, 0]}, {""name"": ""c0_pm2p5#pm_ugm3#0"", ""value"": 0, ""config"": [0, 0]}, {""name"": ""c1_4#ec_na#0"", ""value"": -2.734375, ""config"": [0, 0, 0, 0, 1, 0]}, {""name"": ""c1_0#ec_na#0"", ""value"": 7.617187977, ""config"": [1, 1, 1, 0, 0, 1]}, {""name"": ""c1_3#ec_na#0"", ""value"": -15.03906155, ""config"": [1, 1, 0, 0, 0, 1]}, {""name"": ""c1_5#ec_na#0"", ""value"": 90.625, ""config"": [0, 0, 0, 0, 0, 0]}, {""name"": ""e0_so2#mc_ppb#0"", ""value"": 1, ""config"": null}, {""name"": ""e0_no2#mc_ppb#0"", ""value"": 1, ""config"": null}, {""name"": ""e0_o3#mc_ppb#0"", ""value"": 1, ""config"": null}, {""name"": ""e0_co#mc_ppm#0"", ""value"": 1, ""config"": null}]","{""km_e"": [""e0_co#mc_ppm#0"", ""e0_so2#mc_ppb#0"", ""e0_o3#mc_ppb#0"", ""e0_no2#mc_ppb#0""], ""km_g"": [""co"", ""so2"", ""o3"", ""no2""], ""km_s"": [""c1_0#ec_na#0"", ""c1_5#ec_na#0"", ""c1_4#ec_na#0"", ""c1_3#ec_na#0""]}",ENSABE020002
False,24.795,120.987,1676707456,2023-02-18T08:04:16Z,1676707458,2023-02-18T08:04:18Z,c92494ea-5e44-4507-8776-984705d1fd2b_2023-02_v0,"[{""name"": ""c0_rh0#rh_p#0"", ""value"": 60.3, ""config"": null}, {""name"": ""c0_tm0#tm_c#0"", ""value"": 18.2, ""config"": null}, {""name"": ""c0_wv0#wv_deg#0"", ""value"": 330, ""config"": null}, {""name"": ""c0_am0#am_ms#0"", ""value"": 0, ""config"": null}, {""name"": ""c0_pm10#pm_ugm3#0"", ""value"": 0, ""config"": [0, 0]}, {""name"": ""c0_pm2p5#pm_ugm3#0"", ""value"": 0, ""config"": [0, 0]}, {""name"": ""c1_4#ec_na#0"", ""value"": -2.441406012, ""config"": [0, 0, 0, 0, 1, 0]}, {""name"": ""c1_0#ec_na#0"", ""value"": 8.007811546, ""config"": [1, 1, 1, 0, 0, 1]}, {""name"": ""c1_3#ec_na#0"", ""value"": -12.890625, ""config"": [1, 1, 0, 0, 0, 1]}, {""name"": ""c1_5#ec_na#0"", ""value"": 88.4765625, ""config"": [0, 0, 0, 0, 0, 0]}, {""name"": ""e0_so2#mc_ppb#0"", ""value"": 1, ""config"": null}, {""name"": ""e0_no2#mc_ppb#0"", ""value"": 1, ""config"": null}, {""name"": ""e0_o3#mc_ppb#0"", ""value"": 1, ""config"": null}, {""name"": ""e0_co#mc_ppm#0"", ""value"": 1, ""config"": null}]","{""km_e"": [""e0_co#mc_ppm#0"", ""e0_so2#mc_ppb#0"", ""e0_o3#mc_ppb#0"", ""e0_no2#mc_ppb#0""], ""km_g"": [""co"", ""so2"", ""o3"", ""no2""], ""km_s"": [""c1_0#ec_na#0"", ""c1_5#ec_na#0"", ""c1_4#ec_na#0"", ""c1_3#ec_na#0""]}",ENSABE020002
False,24.795,120.987,1676710276,2023-02-18T08:51:16Z,1676710278,2023-02-18T08:51:18Z,c92494ea-5e44-4507-8776-984705d1fd2b_2023-02_v0,"[{""name"": ""c0_rh0#rh_p#0"", ""value"": 60.3, ""config"": null}, {""name"": ""c0_tm0#tm_c#0"", ""value"": 18.2, ""config"": null}, {""name"": ""c0_wv0#wv_deg#0"", ""value"": 330, ""config"": null}, {""name"": ""c0_am0#am_ms#0"", ""value"": 0, ""config"": null}, {""name"": ""c0_pm10#pm_ugm3#0"", ""value"": 0, ""config"": [0, 0]}, {""name"": ""c0_pm2p5#pm_ugm3#0"", ""value"": 0, ""config"": [0, 0]}, {""name"": ""c1_4#ec_na#0"", ""value"": -3.125, ""config"": [0, 0, 0, 0, 1, 0]}, {""name"": ""c1_0#ec_na#0"", ""value"": 7.324219227, ""config"": [1, 1, 1, 0, 0, 1]}, {""name"": ""c1_3#ec_na#0"", ""value"": -12.69531155, ""config"": [1, 1, 0, 0, 0, 1]}, {""name"": ""c1_5#ec_na#0"", ""value"": 80.46875, ""config"": [0, 0, 0, 0, 0, 0]}, {""name"": ""e0_so2#mc_ppb#0"", ""value"": 1, ""config"": null}, {""name"": ""e0_no2#mc_ppb#0"", ""value"": 1, ""config"": null}, {""name"": ""e0_o3#mc_ppb#0"", ""value"": 1, ""config"": null}, {""name"": ""e0_co#mc_ppm#0"", ""value"": 1, ""config"": null}]","{""km_e"": [""e0_co#mc_ppm#0"", ""e0_so2#mc_ppb#0"", ""e0_o3#mc_ppb#0"", ""e0_no2#mc_ppb#0""], ""km_g"": [""co"", ""so2"", ""o3"", ""no2""], ""km_s"": [""c1_0#ec_na#0"", ""c1_5#ec_na#0"", ""c1_4#ec_na#0"", ""c1_3#ec_na#0""]}",ENSABE020002
False,24.795,120.987,1676711896,2023-02-18T09:18:16Z,1676711898,2023-02-18T09:18:18Z,c92494ea-5e44-4507-8776-984705d1fd2b_2023-02_v0,"[{""name"": ""c0_rh0#rh_p#0"", ""value"": 60.3, ""config"": null}, {""name"": ""c0_tm0#tm_c#0"", ""value"": 18.2, ""config"": null}, {""name"": ""c0_wv0#wv_deg#0"", ""value"": 330, ""config"": null}, {""name"": ""c0_am0#am_ms#0"", ""value"": 0, ""config"": null}, {""name"": ""c0_pm10#pm_ugm3#0"", ""value"": 0, ""config"": [0, 0]}, {""name"": ""c0_pm2p5#pm_ugm3#0"", ""value"": 0, ""config"": [0, 0]}, {""name"": ""c1_4#ec_na#0"", ""value"": -2.539062023, ""config"": [0, 0, 0, 0, 1, 0]}, {""name"": ""c1_0#ec_na#0"", ""value"": 6.738280773, ""config"": [1, 1, 1, 0, 0, 1]}, {""name"": ""c1_3#ec_na#0"", ""value"": -13.47656155, ""config"": [1, 1, 0, 0, 0, 1]}, {""name"": ""c1_5#ec_na#0"", ""value"": 72.8515625, ""config"": [0, 0, 0, 0, 0, 0]}, {""name"": ""e0_so2#mc_ppb#0"", ""value"": 1, ""config"": null}, {""name"": ""e0_no2#mc_ppb#0"", ""value"": 1, ""config"": null}, {""name"": ""e0_o3#mc_ppb#0"", ""value"": 1, ""config"": null}, {""name"": ""e0_co#mc_ppm#0"", ""value"": 1, ""config"": null}]","{""km_e"": [""e0_co#mc_ppm#0"", ""e0_so2#mc_ppb#0"", ""e0_o3#mc_ppb#0"", ""e0_no2#mc_ppb#0""], ""km_g"": [""co"", ""so2"", ""o3"", ""no2""], ""km_s"": [""c1_0#ec_na#0"", ""c1_5#ec_na#0"", ""c1_4#ec_na#0"", ""c1_3#ec_na#0""]}",ENSABE020002
False,24.795,120.987,1676713096,2023-02-18T09:38:16Z,1676713098,2023-02-18T09:38:18Z,c92494ea-5e44-4507-8776-984705d1fd2b_2023-02_v0,"[{""name"": ""c0_rh0#rh_p#0"", ""value"": 60.3, ""config"": null}, {""name"": ""c0_tm0#tm_c#0"", ""value"": 18.2, ""config"": null}, {""name"": ""c0_wv0#wv_deg#0"", ""value"": 330, ""config"": null}, {""name"": ""c0_am0#am_ms#0"", ""value"": 0, ""config"": null}, {""name"": ""c0_pm10#pm_ugm3#0"", ""value"": 0, ""config"": [0, 0]}, {""name"": ""c0_pm2p5#pm_ugm3#0"", ""value"": 0, ""config"": [0, 0]}, {""name"": ""c1_4#ec_na#0"", ""value"": -2.246093988, ""config"": [0, 0, 0, 0, 1, 0]}, {""name"": ""c1_0#ec_na#0"", ""value"": 6.25, ""config"": [1, 1, 1, 0, 0, 1]}, {""name"": ""c1_3#ec_na#0"", ""value"": -11.71875, ""config"": [1, 1, 0, 0, 0, 1]}, {""name"": ""c1_5#ec_na#0"", ""value"": 68.1640625, ""config"": [0, 0, 0, 0, 0, 0]}, {""name"": ""e0_so2#mc_ppb#0"", ""value"": 1, ""config"": null}, {""name"": ""e0_no2#mc_ppb#0"", ""value"": 1, ""config"": null}, {""name"": ""e0_o3#mc_ppb#0"", ""value"": 1, ""config"": null}, {""name"": ""e0_co#mc_ppm#0"", ""value"": 1, ""config"": null}]","{""km_e"": [""e0_co#mc_ppm#0"", ""e0_so2#mc_ppb#0"", ""e0_o3#mc_ppb#0"", ""e0_no2#mc_ppb#0""], ""km_g"": [""co"", ""so2"", ""o3"", ""no2""], ""km_s"": [""c1_0#ec_na#0"", ""c1_5#ec_na#0"", ""c1_4#ec_na#0"", ""c1_3#ec_na#0""]}",ENSABE020002
False,24.795,120.987,1676714116,2023-02-18T09:55:16Z,1676714118,2023-02-18T09:55:18Z,c92494ea-5e44-4507-8776-984705d1fd2b_2023-02_v0,"[{""name"": ""c0_rh0#rh_p#0"", ""value"": 60.3, ""config"": null}, {""name"": ""c0_tm0#tm_c#0"", ""value"": 18.2, ""config"": null}, {""name"": ""c0_wv0#wv_deg#0"", ""value"": 330, ""config"": null}, {""name"": ""c0_am0#am_ms#0"", ""value"": 0, ""config"": null}, {""name"": ""c0_pm10#pm_ugm3#0"", ""value"": 0, ""config"": [0, 0]}, {""name"": ""c0_pm2p5#pm_ugm3#0"", ""value"": 0, ""config"": [0, 0]}, {""name"": ""c1_4#ec_na#0"", ""value"": -3.222656012, ""config"": [0, 0, 0, 0, 1, 0]}, {""name"": ""c1_0#ec_na#0"", ""value"": 6.445312023, ""config"": [1, 1, 1, 0, 0, 1]}, {""name"": ""c1_3#ec_na#0"", ""value"": -12.98828125, ""config"": [1, 1, 0, 0, 0, 1]}, {""name"": ""c1_5#ec_na#0"", ""value"": 64.6484375, ""config"": [0, 0, 0, 0, 0, 0]}, {""name"": ""e0_so2#mc_ppb#0"", ""value"": 1, ""config"": null}, {""name"": ""e0_no2#mc_ppb#0"", ""value"": 1, ""config"": null}, {""name"": ""e0_o3#mc_ppb#0"", ""value"": 1, ""config"": null}, {""name"": ""e0_co#mc_ppm#0"", ""value"": 1, ""config"": null}]","{""km_e"": [""e0_co#mc_ppm#0"", ""e0_so2#mc_ppb#0"", ""e0_o3#mc_ppb#0"", ""e0_no2#mc_ppb#0""], ""km_g"": [""co"", ""so2"", ""o3"", ""no2""], ""km_s"": [""c1_0#ec_na#0"", ""c1_5#ec_na#0"", ""c1_4#ec_na#0"", ""c1_3#ec_na#0""]}",ENSABE020002
False,24.795,120.987,1676714296,2023-02-18T09:58:16Z,1676714298,2023-02-18T09:58:18Z,c92494ea-5e44-4507-8776-984705d1fd2b_2023-02_v0,"[{""name"": ""c0_rh0#rh_p#0"", ""value"": 60.3, ""config"": null}, {""name"": ""c0_tm0#tm_c#0"", ""value"": 18.2, ""config"": null}, {""name"": ""c0_wv0#wv_deg#0"", ""value"": 330, ""config"": null}, {""name"": ""c0_am0#am_ms#0"", ""value"": 0, ""config"": null}, {""name"": ""c0_pm10#pm_ugm3#0"", ""value"": 0, ""config"": [0, 0]}, {""name"": ""c0_pm2p5#pm_ugm3#0"", ""value"": 0, ""config"": [0, 0]}, {""name"": ""c1_4#ec_na#0"", ""value"": -2.539062023, ""config"": [0, 0, 0, 0, 1, 0]}, {""name"": ""c1_0#ec_na#0"", ""value"": 6.640625, ""config"": [1, 1, 1, 0, 0, 1]}, {""name"": ""c1_3#ec_na#0"", ""value"": -11.81640625, ""config"": [1, 1, 0, 0, 0, 1]}, {""name"": ""c1_5#ec_na#0"", ""value"": 64.16015625, ""config"": [0, 0, 0, 0, 0, 0]}, {""name"": ""e0_so2#mc_ppb#0"", ""value"": 1, ""config"": null}, {""name"": ""e0_no2#mc_ppb#0"", ""value"": 1, ""config"": null}, {""name"": ""e0_o3#mc_ppb#0"", ""value"": 1, ""config"": null}, {""name"": ""e0_co#mc_ppm#0"", ""value"": 1, ""config"": null}]","{""km_e"": [""e0_co#mc_ppm#0"", ""e0_so2#mc_ppb#0"", ""e0_o3#mc_ppb#0"", ""e0_no2#mc_ppb#0""], ""km_g"": [""co"", ""so2"", ""o3"", ""no2""], ""km_s"": [""c1_0#ec_na#0"", ""c1_5#ec_na#0"", ""c1_4#ec_na#0"", ""c1_3#ec_na#0""]}",ENSABE020002
False,24.795,120.987,1676714716,2023-02-18T10:05:16Z,1676714718,2023-02-18T10:05:18Z,c92494ea-5e44-4507-8776-984705d1fd2b_2023-02_v0,"[{""name"": ""c0_rh0#rh_p#0"", ""value"": 60.3, ""config"": null}, {""name"": ""c0_tm0#tm_c#0"", ""value"": 18.2, ""config"": null}, {""name"": ""c0_wv0#wv_deg#0"", ""value"": 330, ""config"": null}, {""name"": ""c0_am0#am_ms#0"", ""value"": 0, ""config"": null}, {""name"": ""c0_pm10#pm_ugm3#0"", ""value"": 0, ""config"": [0, 0]}, {""name"": ""c0_pm2p5#pm_ugm3#0"", ""value"": 0, ""config"": [0, 0]}, {""name"": ""c1_4#ec_na#0"", ""value"": -2.734375, ""config"": [0, 0, 0, 0, 1, 0]}, {""name"": ""c1_0#ec_na#0"", ""value"": 6.445312023, ""config"": [1, 1, 1, 0, 0, 1]}, {""name"": ""c1_3#ec_na#0"", ""value"": -11.62109375, ""config"": [1, 1, 0, 0, 0, 1]}, {""name"": ""c1_5#ec_na#0"", ""value"": 65.72265625, ""config"": [0, 0, 0, 0, 0, 0]}, {""name"": ""e0_so2#mc_ppb#0"", ""value"": 1, ""config"": null}, {""name"": ""e0_no2#mc_ppb#0"", ""value"": 1, ""config"": null}, {""name"": ""e0_o3#mc_ppb#0"", ""value"": 1, ""config"": null}, {""name"": ""e0_co#mc_ppm#0"", ""value"": 1, ""config"": null}]","{""km_e"": [""e0_co#mc_ppm#0"", ""e0_so2#mc_ppb#0"", ""e0_o3#mc_ppb#0"", ""e0_no2#mc_ppb#0""], ""km_g"": [""co"", ""so2"", ""o3"", ""no2""], ""km_s"": [""c1_0#ec_na#0"", ""c1_5#ec_na#0"", ""c1_4#ec_na#0"", ""c1_3#ec_na#0""]}",ENSABE020002
False,24.795,120.987,1676714836,2023-02-18T10:07:16Z,1676714838,2023-02-18T10:07:18Z,c92494ea-5e44-4507-8776-984705d1fd2b_2023-02_v0,"[{""name"": ""c0_rh0#rh_p#0"", ""value"": 60.3, ""config"": null}, {""name"": ""c0_tm0#tm_c#0"", ""value"": 18.2, ""config"": null}, {""name"": ""c0_wv0#wv_deg#0"", ""value"": 330, ""config"": null}, {""name"": ""c0_am0#am_ms#0"", ""value"": 0, ""config"": null}, {""name"": ""c0_pm10#pm_ugm3#0"", ""value"": 0, ""config"": [0, 0]}, {""name"": ""c0_pm2p5#pm_ugm3#0"", ""value"": 0, ""config"": [0, 0]}, {""name"": ""c1_4#ec_na#0"", ""value"": -2.636718988, ""config"": [0, 0, 0, 0, 1, 0]}, {""name"": ""c1_0#ec_na#0"", ""value"": 6.347655773, ""config"": [1, 1, 1, 0, 0, 1]}, {""name"": ""c1_3#ec_na#0"", ""value"": -11.71875, ""config"": [1, 1, 0, 0, 0, 1]}, {""name"": ""c1_5#ec_na#0"", ""value"": 63.28125, ""config"": [0, 0, 0, 0, 0, 0]}, {""name"": ""e0_so2#mc_ppb#0"", ""value"": 1, ""config"": null}, {""name"": ""e0_no2#mc_ppb#0"", ""value"": 1, ""config"": null}, {""name"": ""e0_o3#mc_ppb#0"", ""value"": 1, ""config"": null}, {""name"": ""e0_co#mc_ppm#0"", ""value"": 1, ""config"": null}]","{""km_e"": [""e0_co#mc_ppm#0"", ""e0_so2#mc_ppb#0"", ""e0_o3#mc_ppb#0"", ""e0_no2#mc_ppb#0""], ""km_g"": [""co"", ""so2"", ""o3"", ""no2""], ""km_s"": [""c1_0#ec_na#0"", ""c1_5#ec_na#0"", ""c1_4#ec_na#0"", ""c1_3#ec_na#0""]}",ENSABE020002
False,24.795,120.987,1676718436,2023-02-18T11:07:16Z,1676718438,2023-02-18T11:07:18Z,c92494ea-5e44-4507-8776-984705d1fd2b_2023-02_v0,"[{""name"": ""c0_rh0#rh_p#0"", ""value"": 60.3, ""config"": null}, {""name"": ""c0_tm0#tm_c#0"", ""value"": 18.2, ""config"": null}, {""name"": ""c0_wv0#wv_deg#0"", ""value"": 330, ""config"": null}, {""name"": ""c0_am0#am_ms#0"", ""value"": 0, ""config"": null}, {""name"": ""c0_pm10#pm_ugm3#0"", ""value"": 0, ""config"": [0, 0]}, {""name"": ""c0_pm2p5#pm_ugm3#0"", ""value"": 0, ""config"": [0, 0]}, {""name"": ""c1_4#ec_na#0"", ""value"": -2.734375, ""config"": [0, 0, 0, 0, 1, 0]}, {""name"": ""c1_0#ec_na#0"", ""value"": 7.421875, ""config"": [1, 1, 1, 0, 0, 1]}, {""name"": ""c1_3#ec_na#0"", ""value"": -10.64453125, ""config"": [1, 1, 0, 0, 0, 1]}, {""name"": ""c1_5#ec_na#0"", ""value"": 58.984375, ""config"": [0, 0, 0, 0, 0, 0]}, {""name"": ""e0_so2#mc_ppb#0"", ""value"": 1, ""config"": null}, {""name"": ""e0_no2#mc_ppb#0"", ""value"": 1, ""config"": null}, {""name"": ""e0_o3#mc_ppb#0"", ""value"": 1, ""config"": null}, {""name"": ""e0_co#mc_ppm#0"", ""value"": 1, ""config"": null}]","{""km_e"": [""e0_co#mc_ppm#0"", ""e0_so2#mc_ppb#0"", ""e0_o3#mc_ppb#0"", ""e0_no2#mc_ppb#0""], ""km_g"": [""co"", ""so2"", ""o3"", ""no2""], ""km_s"": [""c1_0#ec_na#0"", ""c1_5#ec_na#0"", ""c1_4#ec_na#0"", ""c1_3#ec_na#0""]}",ENSABE020002
False,24.795,120.987,1676719576,2023-02-18T11:26:16Z,1676719578,2023-02-18T11:26:18Z,c92494ea-5e44-4507-8776-984705d1fd2b_2023-02_v0,"[{""name"": ""c0_rh0#rh_p#0"", ""value"": 60.3, ""config"": null}, {""name"": ""c0_tm0#tm_c#0"", ""value"": 18.2, ""config"": null}, {""name"": ""c0_wv0#wv_deg#0"", ""value"": 330, ""config"": null}, {""name"": ""c0_am0#am_ms#0"", ""value"": 0, ""config"": null}, {""name"": ""c0_pm10#pm_ugm3#0"", ""value"": 0, ""config"": [0, 0]}, {""name"": ""c0_pm2p5#pm_ugm3#0"", ""value"": 0, ""config"": [0, 0]}, {""name"": ""c1_4#ec_na#0"", ""value"": -2.34375, ""config"": [0, 0, 0, 0, 1, 0]}, {""name"": ""c1_0#ec_na#0"", ""value"": 7.226562023, ""config"": [1, 1, 1, 0, 0, 1]}, {""name"": ""c1_3#ec_na#0"", ""value"": -11.328125, ""config"": [1, 1, 0, 0, 0, 1]}, {""name"": ""c1_5#ec_na#0"", ""value"": 54.4921875, ""config"": [0, 0, 0, 0, 0, 0]}, {""name"": ""e0_so2#mc_ppb#0"", ""value"": 1, ""config"": null}, {""name"": ""e0_no2#mc_ppb#0"", ""value"": 1, ""config"": null}, {""name"": ""e0_o3#mc_ppb#0"", ""value"": 1, ""config"": null}, {""name"": ""e0_co#mc_ppm#0"", ""value"": 1, ""config"": null}]","{""km_e"": [""e0_co#mc_ppm#0"", ""e0_so2#mc_ppb#0"", ""e0_o3#mc_ppb#0"", ""e0_no2#mc_ppb#0""], ""km_g"": [""co"", ""so2"", ""o3"", ""no2""], ""km_s"": [""c1_0#ec_na#0"", ""c1_5#ec_na#0"", ""c1_4#ec_na#0"", ""c1_3#ec_na#0""]}",ENSABE020002
False,24.795,120.987,1676720356,2023-02-18T11:39:16Z,1676720358,2023-02-18T11:39:18Z,c92494ea-5e44-4507-8776-984705d1fd2b_2023-02_v0,"[{""name"": ""c0_rh0#rh_p#0"", ""value"": 60.3, ""config"": null}, {""name"": ""c0_tm0#tm_c#0"", ""value"": 18.2, ""config"": null}, {""name"": ""c0_wv0#wv_deg#0"", ""value"": 330, ""config"": null}, {""name"": ""c0_am0#am_ms#0"", ""value"": 0, ""config"": null}, {""name"": ""c0_pm10#pm_ugm3#0"", ""value"": 0, ""config"": [0, 0]}, {""name"": ""c0_pm2p5#pm_ugm3#0"", ""value"": 0, ""config"": [0, 0]}, {""name"": ""c1_4#ec_na#0"", ""value"": -2.539062023, ""config"": [0, 0, 0, 0, 1, 0]}, {""name"": ""c1_0#ec_na#0"", ""value"": 5.566405773, ""config"": [1, 1, 1, 0, 0, 1]}, {""name"": ""c1_3#ec_na#0"", ""value"": -11.62109375, ""config"": [1, 1, 0, 0, 0, 1]}, {""name"": ""c1_5#ec_na#0"", ""value"": 53.80859375, ""config"": [0, 0, 0, 0, 0, 0]}, {""name"": ""e0_so2#mc_ppb#0"", ""value"": 1, ""config"": null}, {""name"": ""e0_no2#mc_ppb#0"", ""value"": 1, ""config"": null}, {""name"": ""e0_o3#mc_ppb#0"", ""value"": 1, ""config"": null}, {""name"": ""e0_co#mc_ppm#0"", ""value"": 1, ""config"": null}]","{""km_e"": [""e0_co#mc_ppm#0"", ""e0_so2#mc_ppb#0"", ""e0_o3#mc_ppb#0"", ""e0_no2#mc_ppb#0""], ""km_g"": [""co"", ""so2"", ""o3"", ""no2""], ""km_s"": [""c1_0#ec_na#0"", ""c1_5#ec_na#0"", ""c1_4#ec_na#0"", ""c1_3#ec_na#0""]}",ENSABE020002
False,24.795,120.987,1676720656,2023-02-18T11:44:16Z,1676720658,2023-02-18T11:44:18Z,c92494ea-5e44-4507-8776-984705d1fd2b_2023-02_v0,"[{""name"": ""c0_rh0#rh_p#0"", ""value"": 60.3, ""config"": null}, {""name"": ""c0_tm0#tm_c#0"", ""value"": 18.2, ""config"": null}, {""name"": ""c0_wv0#wv_deg#0"", ""value"": 330, ""config"": null}, {""name"": ""c0_am0#am_ms#0"", ""value"": 0, ""config"": null}, {""name"": ""c0_pm10#pm_ugm3#0"", ""value"": 0, ""config"": [0, 0]}, {""name"": ""c0_pm2p5#pm_ugm3#0"", ""value"": 0, ""config"": [0, 0]}, {""name"": ""c1_4#ec_na#0"", ""value"": -2.441406012, ""config"": [0, 0, 0, 0, 1, 0]}, {""name"": ""c1_0#ec_na#0"", ""value"": 6.25, ""config"": [1, 1, 1, 0, 0, 1]}, {""name"": ""c1_3#ec_na#0"", ""value"": -10.25390625, ""config"": [1, 1, 0, 0, 0, 1]}, {""name"": ""c1_5#ec_na#0"", ""value"": 52.44140625, ""config"": [0, 0, 0, 0, 0, 0]}, {""name"": ""e0_so2#mc_ppb#0"", ""value"": 1, ""config"": null}, {""name"": ""e0_no2#mc_ppb#0"", ""value"": 1, ""config"": null}, {""name"": ""e0_o3#mc_ppb#0"", ""value"": 1, ""config"": null}, {""name"": ""e0_co#mc_ppm#0"", ""value"": 1, ""config"": null}]","{""km_e"": [""e0_co#mc_ppm#0"", ""e0_so2#mc_ppb#0"", ""e0_o3#mc_ppb#0"", ""e0_no2#mc_ppb#0""], ""km_g"": [""co"", ""so2"", ""o3"", ""no2""], ""km_s"": [""c1_0#ec_na#0"", ""c1_5#ec_na#0"", ""c1_4#ec_na#0"", ""c1_3#ec_na#0""]}",ENSABE020002
False,24.795,120.987,1676722276,2023-02-18T12:11:16Z,1676722278,2023-02-18T12:11:18Z,c92494ea-5e44-4507-8776-984705d1fd2b_2023-02_v0,"[{""name"": ""c0_rh0#rh_p#0"", ""value"": 60.3, ""config"": null}, {""name"": ""c0_tm0#tm_c#0"", ""value"": 18.2, ""config"": null}, {""name"": ""c0_wv0#wv_deg#0"", ""value"": 330, ""config"": null}, {""name"": ""c0_am0#am_ms#0"", ""value"": 0, ""config"": null}, {""name"": ""c0_pm10#pm_ugm3#0"", ""value"": 0, ""config"": [0, 0]}, {""name"": ""c0_pm2p5#pm_ugm3#0"", ""value"": 0, ""config"": [0, 0]}, {""name"": ""c1_4#ec_na#0"", ""value"": -2.539062023, ""config"": [0, 0, 0, 0, 1, 0]}, {""name"": ""c1_0#ec_na#0"", ""value"": 6.054687977, ""config"": [1, 1, 1, 0, 0, 1]}, {""name"": ""c1_3#ec_na#0"", ""value"": -11.52343845, ""config"": [1, 1, 0, 0, 0, 1]}, {""name"": ""c1_5#ec_na#0"", ""value"": 49.70703125, ""config"": [0, 0, 0, 0, 0, 0]}, {""name"": ""e0_so2#mc_ppb#0"", ""value"": 1, ""config"": null}, {""name"": ""e0_no2#mc_ppb#0"", ""value"": 1, ""config"": null}, {""name"": ""e0_o3#mc_ppb#0"", ""value"": 1, ""config"": null}, {""name"": ""e0_co#mc_ppm#0"", ""value"": 1, ""config"": null}]","{""km_e"": [""e0_co#mc_ppm#0"", ""e0_so2#mc_ppb#0"", ""e0_o3#mc_ppb#0"", ""e0_no2#mc_ppb#0""], ""km_g"": [""co"", ""so2"", ""o3"", ""no2""], ""km_s"": [""c1_0#ec_na#0"", ""c1_5#ec_na#0"", ""c1_4#ec_na#0"", ""c1_3#ec_na#0""]}",ENSABE020002
False,24.795,120.987,1676723296,2023-02-18T12:28:16Z,1676723298,2023-02-18T12:28:18Z,c92494ea-5e44-4507-8776-984705d1fd2b_2023-02_v0,"[{""name"": ""c0_rh0#rh_p#0"", ""value"": 60.3, ""config"": null}, {""name"": ""c0_tm0#tm_c#0"", ""value"": 18.2, ""config"": null}, {""name"": ""c0_wv0#wv_deg#0"", ""value"": 330, ""config"": null}, {""name"": ""c0_am0#am_ms#0"", ""value"": 0, ""config"": null}, {""name"": ""c0_pm10#pm_ugm3#0"", ""value"": 0, ""config"": [0, 0]}, {""name"": ""c0_pm2p5#pm_ugm3#0"", ""value"": 0, ""config"": [0, 0]}, {""name"": ""c1_4#ec_na#0"", ""value"": -2.246093988, ""config"": [0, 0, 0, 0, 1, 0]}, {""name"": ""c1_0#ec_na#0"", ""value"": 6.347655773, ""config"": [1, 1, 1, 0, 0, 1]}, {""name"": ""c1_3#ec_na#0"", ""value"": -10.83984375, ""config"": [1, 1, 0, 0, 0, 1]}, {""name"": ""c1_5#ec_na#0"", ""value"": 48.4375, ""config"": [0, 0, 0, 0, 0, 0]}, {""name"": ""e0_so2#mc_ppb#0"", ""value"": 1, ""config"": null}, {""name"": ""e0_no2#mc_ppb#0"", ""value"": 1, ""config"": null}, {""name"": ""e0_o3#mc_ppb#0"", ""value"": 1, ""config"": null}, {""name"": ""e0_co#mc_ppm#0"", ""value"": 1, ""config"": null}]","{""km_e"": [""e0_co#mc_ppm#0"", ""e0_so2#mc_ppb#0"", ""e0_o3#mc_ppb#0"", ""e0_no2#mc_ppb#0""], ""km_g"": [""co"", ""so2"", ""o3"", ""no2""], ""km_s"": [""c1_0#ec_na#0"", ""c1_5#ec_na#0"", ""c1_4#ec_na#0"", ""c1_3#ec_na#0""]}",ENSABE020002
False,24.795,120.987,1676724616,2023-02-18T12:50:16Z,1676724618,2023-02-18T12:50:18Z,c92494ea-5e44-4507-8776-984705d1fd2b_2023-02_v0,"[{""name"": ""c0_rh0#rh_p#0"", ""value"": 60.3, ""config"": null}, {""name"": ""c0_tm0#tm_c#0"", ""value"": 18.2, ""config"": null}, {""name"": ""c0_wv0#wv_deg#0"", ""value"": 330, ""config"": null}, {""name"": ""c0_am0#am_ms#0"", ""value"": 0, ""config"": null}, {""name"": ""c0_pm10#pm_ugm3#0"", ""value"": 0, ""config"": [0, 0]}, {""name"": ""c0_pm2p5#pm_ugm3#0"", ""value"": 0, ""config"": [0, 0]}, {""name"": ""c1_4#ec_na#0"", ""value"": -2.832031012, ""config"": [0, 0, 0, 0, 1, 0]}, {""name"": ""c1_0#ec_na#0"", ""value"": 6.445312023, ""config"": [1, 1, 1, 0, 0, 1]}, {""name"": ""c1_3#ec_na#0"", ""value"": -11.13281155, ""config"": [1, 1, 0, 0, 0, 1]}, {""name"": ""c1_5#ec_na#0"", ""value"": 48.6328125, ""config"": [0, 0, 0, 0, 0, 0]}, {""name"": ""e0_so2#mc_ppb#0"", ""value"": 1, ""config"": null}, {""name"": ""e0_no2#mc_ppb#0"", ""value"": 1, ""config"": null}, {""name"": ""e0_o3#mc_ppb#0"", ""value"": 1, ""config"": null}, {""name"": ""e0_co#mc_ppm#0"", ""value"": 1, ""config"": null}]","{""km_e"": [""e0_co#mc_ppm#0"", ""e0_so2#mc_ppb#0"", ""e0_o3#mc_ppb#0"", ""e0_no2#mc_ppb#0""], ""km_g"": [""co"", ""so2"", ""o3"", ""no2""], ""km_s"": [""c1_0#ec_na#0"", ""c1_5#ec_na#0"", ""c1_4#ec_na#0"", ""c1_3#ec_na#0""]}",ENSABE020002
False,24.795,120.987,1676725396,2023-02-18T13:03:16Z,1676725398,2023-02-18T13:03:18Z,c92494ea-5e44-4507-8776-984705d1fd2b_2023-02_v0,"[{""name"": ""c0_rh0#rh_p#0"", ""value"": 60.3, ""config"": null}, {""name"": ""c0_tm0#tm_c#0"", ""value"": 18.2, ""config"": null}, {""name"": ""c0_wv0#wv_deg#0"", ""value"": 330, ""config"": null}, {""name"": ""c0_am0#am_ms#0"", ""value"": 0, ""config"": null}, {""name"": ""c0_pm10#pm_ugm3#0"", ""value"": 0, ""config"": [0, 0]}, {""name"": ""c0_pm2p5#pm_ugm3#0"", ""value"": 0, ""config"": [0, 0]}, {""name"": ""c1_4#ec_na#0"", ""value"": -2.832031012, ""config"": [0, 0, 0, 0, 1, 0]}, {""name"": ""c1_0#ec_na#0"", ""value"": 6.054687977, ""config"": [1, 1, 1, 0, 0, 1]}, {""name"": ""c1_3#ec_na#0"", ""value"": -11.13281155, ""config"": [1, 1, 0, 0, 0, 1]}, {""name"": ""c1_5#ec_na#0"", ""value"": 48.73046875, ""config"": [0, 0, 0, 0, 0, 0]}, {""name"": ""e0_so2#mc_ppb#0"", ""value"": 1, ""config"": null}, {""name"": ""e0_no2#mc_ppb#0"", ""value"": 1, ""config"": null}, {""name"": ""e0_o3#mc_ppb#0"", ""value"": 1, ""config"": null}, {""name"": ""e0_co#mc_ppm#0"", ""value"": 1, ""config"": null}]","{""km_e"": [""e0_co#mc_ppm#0"", ""e0_so2#mc_ppb#0"", ""e0_o3#mc_ppb#0"", ""e0_no2#mc_ppb#0""], ""km_g"": [""co"", ""so2"", ""o3"", ""no2""], ""km_s"": [""c1_0#ec_na#0"", ""c1_5#ec_na#0"", ""c1_4#ec_na#0"", ""c1_3#ec_na#0""]}",ENSABE020002
False,24.795,120.987,1676727016,2023-02-18T13:30:16Z,1676727018,2023-02-18T13:30:18Z,c92494ea-5e44-4507-8776-984705d1fd2b_2023-02_v0,"[{""name"": ""c0_rh0#rh_p#0"", ""value"": 60.3, ""config"": null}, {""name"": ""c0_tm0#tm_c#0"", ""value"": 18.2, ""config"": null}, {""name"": ""c0_wv0#wv_deg#0"", ""value"": 330, ""config"": null}, {""name"": ""c0_am0#am_ms#0"", ""value"": 0, ""config"": null}, {""name"": ""c0_pm10#pm_ugm3#0"", ""value"": 0, ""config"": [0, 0]}, {""name"": ""c0_pm2p5#pm_ugm3#0"", ""value"": 0, ""config"": [0, 0]}, {""name"": ""c1_4#ec_na#0"", ""value"": -3.027343988, ""config"": [0, 0, 0, 0, 1, 0]}, {""name"": ""c1_0#ec_na#0"", ""value"": 5.664062023, ""config"": [1, 1, 1, 0, 0, 1]}, {""name"": ""c1_3#ec_na#0"", ""value"": -11.23046875, ""config"": [1, 1, 0, 0, 0, 1]}, {""name"": ""c1_5#ec_na#0"", ""value"": 47.265625, ""config"": [0, 0, 0, 0, 0, 0]}, {""name"": ""e0_so2#mc_ppb#0"", ""value"": 1, ""config"": null}, {""name"": ""e0_no2#mc_ppb#0"", ""value"": 1, ""config"": null}, {""name"": ""e0_o3#mc_ppb#0"", ""value"": 1, ""config"": null}, {""name"": ""e0_co#mc_ppm#0"", ""value"": 1, ""config"": null}]","{""km_e"": [""e0_co#mc_ppm#0"", ""e0_so2#mc_ppb#0"", ""e0_o3#mc_ppb#0"", ""e0_no2#mc_ppb#0""], ""km_g"": [""co"", ""so2"", ""o3"", ""no2""], ""km_s"": [""c1_0#ec_na#0"", ""c1_5#ec_na#0"", ""c1_4#ec_na#0"", ""c1_3#ec_na#0""]}",ENSABE020002
False,24.795,120.987,1676727916,2023-02-18T13:45:16Z,1676727918,2023-02-18T13:45:18Z,c92494ea-5e44-4507-8776-984705d1fd2b_2023-02_v0,"[{""name"": ""c0_rh0#rh_p#0"", ""value"": 60.3, ""config"": null}, {""name"": ""c0_tm0#tm_c#0"", ""value"": 18.2, ""config"": null}, {""name"": ""c0_wv0#wv_deg#0"", ""value"": 330, ""config"": null}, {""name"": ""c0_am0#am_ms#0"", ""value"": 0, ""config"": null}, {""name"": ""c0_pm10#pm_ugm3#0"", ""value"": 0, ""config"": [0, 0]}, {""name"": ""c0_pm2p5#pm_ugm3#0"", ""value"": 0, ""config"": [0, 0]}, {""name"": ""c1_4#ec_na#0"", ""value"": -2.34375, ""config"": [0, 0, 0, 0, 1, 0]}, {""name"": ""c1_0#ec_na#0"", ""value"": 6.542969227, ""config"": [1, 1, 1, 0, 0, 1]}, {""name"": ""c1_3#ec_na#0"", ""value"": -11.62109375, ""config"": [1, 1, 0, 0, 0, 1]}, {""name"": ""c1_5#ec_na#0"", ""value"": 50.09765625, ""config"": [0, 0, 0, 0, 0, 0]}, {""name"": ""e0_so2#mc_ppb#0"", ""value"": 1, ""config"": null}, {""name"": ""e0_no2#mc_ppb#0"", ""value"": 1, ""config"": null}, {""name"": ""e0_o3#mc_ppb#0"", ""value"": 1, ""config"": null}, {""name"": ""e0_co#mc_ppm#0"", ""value"": 1, ""config"": null}]","{""km_e"": [""e0_co#mc_ppm#0"", ""e0_so2#mc_ppb#0"", ""e0_o3#mc_ppb#0"", ""e0_no2#mc_ppb#0""], ""km_g"": [""co"", ""so2"", ""o3"", ""no2""], ""km_s"": [""c1_0#ec_na#0"", ""c1_5#ec_na#0"", ""c1_4#ec_na#0"", ""c1_3#ec_na#0""]}",ENSABE020002
False,24.795,120.987,1676728936,2023-02-18T14:02:16Z,1676728938,2023-02-18T14:02:18Z,c92494ea-5e44-4507-8776-984705d1fd2b_2023-02_v0,"[{""name"": ""c0_rh0#rh_p#0"", ""value"": 60.3, ""config"": null}, {""name"": ""c0_tm0#tm_c#0"", ""value"": 18.2, ""config"": null}, {""name"": ""c0_wv0#wv_deg#0"", ""value"": 330, ""config"": null}, {""name"": ""c0_am0#am_ms#0"", ""value"": 0, ""config"": null}, {""name"": ""c0_pm10#pm_ugm3#0"", ""value"": 0, ""config"": [0, 0]}, {""name"": ""c0_pm2p5#pm_ugm3#0"", ""value"": 0, ""config"": [0, 0]}, {""name"": ""c1_4#ec_na#0"", ""value"": -2.34375, ""config"": [0, 0, 0, 0, 1, 0]}, {""name"": ""c1_0#ec_na#0"", ""value"": 6.542969227, ""config"": [1, 1, 1, 0, 0, 1]}, {""name"": ""c1_3#ec_na#0"", ""value"": -11.328125, ""config"": [1, 1, 0, 0, 0, 1]}, {""name"": ""c1_5#ec_na#0"", ""value"": 47.65625, ""config"": [0, 0, 0, 0, 0, 0]}, {""name"": ""e0_so2#mc_ppb#0"", ""value"": 1, ""config"": null}, {""name"": ""e0_no2#mc_ppb#0"", ""value"": 1, ""config"": null}, {""name"": ""e0_o3#mc_ppb#0"", ""value"": 1, ""config"": null}, {""name"": ""e0_co#mc_ppm#0"", ""value"": 1, ""config"": null}]","{""km_e"": [""e0_co#mc_ppm#0"", ""e0_so2#mc_ppb#0"", ""e0_o3#mc_ppb#0"", ""e0_no2#mc_ppb#0""], ""km_g"": [""co"", ""so2"", ""o3"", ""no2""], ""km_s"": [""c1_0#ec_na#0"", ""c1_5#ec_na#0"", ""c1_4#ec_na#0"", ""c1_3#ec_na#0""]}",ENSABE020002
False,24.795,120.987,1676729536,2023-02-18T14:12:16Z,1676729538,2023-02-18T14:12:18Z,c92494ea-5e44-4507-8776-984705d1fd2b_2023-02_v0,"[{""name"": ""c0_rh0#rh_p#0"", ""value"": 60.3, ""config"": null}, {""name"": ""c0_tm0#tm_c#0"", ""value"": 18.2, ""config"": null}, {""name"": ""c0_wv0#wv_deg#0"", ""value"": 330, ""config"": null}, {""name"": ""c0_am0#am_ms#0"", ""value"": 0, ""config"": null}, {""name"": ""c0_pm10#pm_ugm3#0"", ""value"": 0, ""config"": [0, 0]}, {""name"": ""c0_pm2p5#pm_ugm3#0"", ""value"": 0, ""config"": [0, 0]}, {""name"": ""c1_4#ec_na#0"", ""value"": -2.148437977, ""config"": [0, 0, 0, 0, 1, 0]}, {""name"": ""c1_0#ec_na#0"", ""value"": 6.738280773, ""config"": [1, 1, 1, 0, 0, 1]}, {""name"": ""c1_3#ec_na#0"", ""value"": -10.64453125, ""config"": [1, 1, 0, 0, 0, 1]}, {""name"": ""c1_5#ec_na#0"", ""value"": 49.70703125, ""config"": [0, 0, 0, 0, 0, 0]}, {""name"": ""e0_so2#mc_ppb#0"", ""value"": 1, ""config"": null}, {""name"": ""e0_no2#mc_ppb#0"", ""value"": 1, ""config"": null}, {""name"": ""e0_o3#mc_ppb#0"", ""value"": 1, ""config"": null}, {""name"": ""e0_co#mc_ppm#0"", ""value"": 1, ""config"": null}]","{""km_e"": [""e0_co#mc_ppm#0"", ""e0_so2#mc_ppb#0"", ""e0_o3#mc_ppb#0"", ""e0_no2#mc_ppb#0""], ""km_g"": [""co"", ""so2"", ""o3"", ""no2""], ""km_s"": [""c1_0#ec_na#0"", ""c1_5#ec_na#0"", ""c1_4#ec_na#0"", ""c1_3#ec_na#0""]}",ENSABE020002
False,24.795,120.987,1676730736,2023-02-18T14:32:16Z,1676730738,2023-02-18T14:32:18Z,c92494ea-5e44-4507-8776-984705d1fd2b_2023-02_v0,"[{""name"": ""c0_rh0#rh_p#0"", ""value"": 60.3, ""config"": null}, {""name"": ""c0_tm0#tm_c#0"", ""value"": 18.2, ""config"": null}, {""name"": ""c0_wv0#wv_deg#0"", ""value"": 330, ""config"": null}, {""name"": ""c0_am0#am_ms#0"", ""value"": 0, ""config"": null}, {""name"": ""c0_pm10#pm_ugm3#0"", ""value"": 0, ""config"": [0, 0]}, {""name"": ""c0_pm2p5#pm_ugm3#0"", ""value"": 0, ""config"": [0, 0]}, {""name"": ""c1_4#ec_na#0"", ""value"": -2.539062023, ""config"": [0, 0, 0, 0, 1, 0]}, {""name"": ""c1_0#ec_na#0"", ""value"": 7.226562023, ""config"": [1, 1, 1, 0, 0, 1]}, {""name"": ""c1_3#ec_na#0"", ""value"": -9.960938454, ""config"": [1, 1, 0, 0, 0, 1]}, {""name"": ""c1_5#ec_na#0"", ""value"": 47.55859375, ""config"": [0, 0, 0, 0, 0, 0]}, {""name"": ""e0_so2#mc_ppb#0"", ""value"": 1, ""config"": null}, {""name"": ""e0_no2#mc_ppb#0"", ""value"": 1, ""config"": null}, {""name"": ""e0_o3#mc_ppb#0"", ""value"": 1, ""config"": null}, {""name"": ""e0_co#mc_ppm#0"", ""value"": 1, ""config"": null}]","{""km_e"": [""e0_co#mc_ppm#0"", ""e0_so2#mc_ppb#0"", ""e0_o3#mc_ppb#0"", ""e0_no2#mc_ppb#0""], ""km_g"": [""co"", ""so2"", ""o3"", ""no2""], ""km_s"": [""c1_0#ec_na#0"", ""c1_5#ec_na#0"", ""c1_4#ec_na#0"", ""c1_3#ec_na#0""]}",ENSABE020002
False,24.795,120.987,1676731756,2023-02-18T14:49:16Z,1676731758,2023-02-18T14:49:18Z,c92494ea-5e44-4507-8776-984705d1fd2b_2023-02_v0,"[{""name"": ""c0_rh0#rh_p#0"", ""value"": 60.3, ""config"": null}, {""name"": ""c0_tm0#tm_c#0"", ""value"": 18.2, ""config"": null}, {""name"": ""c0_wv0#wv_deg#0"", ""value"": 330, ""config"": null}, {""name"": ""c0_am0#am_ms#0"", ""value"": 0, ""config"": null}, {""name"": ""c0_pm10#pm_ugm3#0"", ""value"": 0, ""config"": [0, 0]}, {""name"": ""c0_pm2p5#pm_ugm3#0"", ""value"": 0, ""config"": [0, 0]}, {""name"": ""c1_4#ec_na#0"", ""value"": -2.050781012, ""config"": [0, 0, 0, 0, 1, 0]}, {""name"": ""c1_0#ec_na#0"", ""value"": 6.738280773, ""config"": [1, 1, 1, 0, 0, 1]}, {""name"": ""c1_3#ec_na#0"", ""value"": -11.71875, ""config"": [1, 1, 0, 0, 0, 1]}, {""name"": ""c1_5#ec_na#0"", ""value"": 48.2421875, ""config"": [0, 0, 0, 0, 0, 0]}, {""name"": ""e0_so2#mc_ppb#0"", ""value"": 1, ""config"": null}, {""name"": ""e0_no2#mc_ppb#0"", ""value"": 1, ""config"": null}, {""name"": ""e0_o3#mc_ppb#0"", ""value"": 1, ""config"": null}, {""name"": ""e0_co#mc_ppm#0"", ""value"": 1, ""config"": null}]","{""km_e"": [""e0_co#mc_ppm#0"", ""e0_so2#mc_ppb#0"", ""e0_o3#mc_ppb#0"", ""e0_no2#mc_ppb#0""], ""km_g"": [""co"", ""so2"", ""o3"", ""no2""], ""km_s"": [""c1_0#ec_na#0"", ""c1_5#ec_na#0"", ""c1_4#ec_na#0"", ""c1_3#ec_na#0""]}",ENSABE020002
False,24.795,120.987,1676732176,2023-02-18T14:56:16Z,1676732178,2023-02-18T14:56:18Z,c92494ea-5e44-4507-8776-984705d1fd2b_2023-02_v0,"[{""name"": ""c0_rh0#rh_p#0"", ""value"": 60.3, ""config"": null}, {""name"": ""c0_tm0#tm_c#0"", ""value"": 18.2, ""config"": null}, {""name"": ""c0_wv0#wv_deg#0"", ""value"": 330, ""config"": null}, {""name"": ""c0_am0#am_ms#0"", ""value"": 0, ""config"": null}, {""name"": ""c0_pm10#pm_ugm3#0"", ""value"": 0, ""config"": [0, 0]}, {""name"": ""c0_pm2p5#pm_ugm3#0"", ""value"": 0, ""config"": [0, 0]}, {""name"": ""c1_4#ec_na#0"", ""value"": -2.050781012, ""config"": [0, 0, 0, 0, 1, 0]}, {""name"": ""c1_0#ec_na#0"", ""value"": 6.445312023, ""config"": [1, 1, 1, 0, 0, 1]}, {""name"": ""c1_3#ec_na#0"", ""value"": -11.42578125, ""config"": [1, 1, 0, 0, 0, 1]}, {""name"": ""c1_5#ec_na#0"", ""value"": 48.046875, ""config"": [0, 0, 0, 0, 0, 0]}, {""name"": ""e0_so2#mc_ppb#0"", ""value"": 1, ""config"": null}, {""name"": ""e0_no2#mc_ppb#0"", ""value"": 1, ""config"": null}, {""name"": ""e0_o3#mc_ppb#0"", ""value"": 1, ""config"": null}, {""name"": ""e0_co#mc_ppm#0"", ""value"": 1, ""config"": null}]","{""km_e"": [""e0_co#mc_ppm#0"", ""e0_so2#mc_ppb#0"", ""e0_o3#mc_ppb#0"", ""e0_no2#mc_ppb#0""], ""km_g"": [""co"", ""so2"", ""o3"", ""no2""], ""km_s"": [""c1_0#ec_na#0"", ""c1_5#ec_na#0"", ""c1_4#ec_na#0"", ""c1_3#ec_na#0""]}",ENSABE020002
False,24.795,120.987,1676732296,2023-02-18T14:58:16Z,1676732298,2023-02-18T14:58:18Z,c92494ea-5e44-4507-8776-984705d1fd2b_2023-02_v0,"[{""name"": ""c0_rh0#rh_p#0"", ""value"": 60.3, ""config"": null}, {""name"": ""c0_tm0#tm_c#0"", ""value"": 18.2, ""config"": null}, {""name"": ""c0_wv0#wv_deg#0"", ""value"": 330, ""config"": null}, {""name"": ""c0_am0#am_ms#0"", ""value"": 0, ""config"": null}, {""name"": ""c0_pm10#pm_ugm3#0"", ""value"": 0, ""config"": [0, 0]}, {""name"": ""c0_pm2p5#pm_ugm3#0"", ""value"": 0, ""config"": [0, 0]}, {""name"": ""c1_4#ec_na#0"", ""value"": -2.148437977, ""config"": [0, 0, 0, 0, 1, 0]}, {""name"": ""c1_0#ec_na#0"", ""value"": 6.054687977, ""config"": [1, 1, 1, 0, 0, 1]}, {""name"": ""c1_3#ec_na#0"", ""value"": -11.91406155, ""config"": [1, 1, 0, 0, 0, 1]}, {""name"": ""c1_5#ec_na#0"", ""value"": 47.4609375, ""config"": [0, 0, 0, 0, 0, 0]}, {""name"": ""e0_so2#mc_ppb#0"", ""value"": 1, ""config"": null}, {""name"": ""e0_no2#mc_ppb#0"", ""value"": 1, ""config"": null}, {""name"": ""e0_o3#mc_ppb#0"", ""value"": 1, ""config"": null}, {""name"": ""e0_co#mc_ppm#0"", ""value"": 1, ""config"": null}]","{""km_e"": [""e0_co#mc_ppm#0"", ""e0_so2#mc_ppb#0"", ""e0_o3#mc_ppb#0"", ""e0_no2#mc_ppb#0""], ""km_g"": [""co"", ""so2"", ""o3"", ""no2""], ""km_s"": [""c1_0#ec_na#0"", ""c1_5#ec_na#0"", ""c1_4#ec_na#0"", ""c1_3#ec_na#0""]}",ENSABE020002
False,24.795,120.987,1676732476,2023-02-18T15:01:16Z,1676732478,2023-02-18T15:01:18Z,c92494ea-5e44-4507-8776-984705d1fd2b_2023-02_v0,"[{""name"": ""c0_rh0#rh_p#0"", ""value"": 60.3, ""config"": null}, {""name"": ""c0_tm0#tm_c#0"", ""value"": 18.2, ""config"": null}, {""name"": ""c0_wv0#wv_deg#0"", ""value"": 330, ""config"": null}, {""name"": ""c0_am0#am_ms#0"", ""value"": 0, ""config"": null}, {""name"": ""c0_pm10#pm_ugm3#0"", ""value"": 0, ""config"": [0, 0]}, {""name"": ""c0_pm2p5#pm_ugm3#0"", ""value"": 0, ""config"": [0, 0]}, {""name"": ""c1_4#ec_na#0"", ""value"": -2.246093988, ""config"": [0, 0, 0, 0, 1, 0]}, {""name"": ""c1_0#ec_na#0"", ""value"": 5.371094227, ""config"": [1, 1, 1, 0, 0, 1]}, {""name"": ""c1_3#ec_na#0"", ""value"": -10.546875, ""config"": [1, 1, 0, 0, 0, 1]}, {""name"": ""c1_5#ec_na#0"", ""value"": 43.75, ""config"": [0, 0, 0, 0, 0, 0]}, {""name"": ""e0_so2#mc_ppb#0"", ""value"": 1, ""config"": null}, {""name"": ""e0_no2#mc_ppb#0"", ""value"": 1, ""config"": null}, {""name"": ""e0_o3#mc_ppb#0"", ""value"": 1, ""config"": null}, {""name"": ""e0_co#mc_ppm#0"", ""value"": 1, ""config"": null}]","{""km_e"": [""e0_co#mc_ppm#0"", ""e0_so2#mc_ppb#0"", ""e0_o3#mc_ppb#0"", ""e0_no2#mc_ppb#0""], ""km_g"": [""co"", ""so2"", ""o3"", ""no2""], ""km_s"": [""c1_0#ec_na#0"", ""c1_5#ec_na#0"", ""c1_4#ec_na#0"", ""c1_3#ec_na#0""]}",ENSABE020002
False,24.795,120.987,1676733016,2023-02-18T15:10:16Z,1676733018,2023-02-18T15:10:18Z,c92494ea-5e44-4507-8776-984705d1fd2b_2023-02_v0,"[{""name"": ""c0_rh0#rh_p#0"", ""value"": 60.3, ""config"": null}, {""name"": ""c0_tm0#tm_c#0"", ""value"": 18.2, ""config"": null}, {""name"": ""c0_wv0#wv_deg#0"", ""value"": 330, ""config"": null}, {""name"": ""c0_am0#am_ms#0"", ""value"": 0, ""config"": null}, {""name"": ""c0_pm10#pm_ugm3#0"", ""value"": 0, ""config"": [0, 0]}, {""name"": ""c0_pm2p5#pm_ugm3#0"", ""value"": 0, ""config"": [0, 0]}, {""name"": ""c1_4#ec_na#0"", ""value"": -2.148437977, ""config"": [0, 0, 0, 0, 1, 0]}, {""name"": ""c1_0#ec_na#0"", ""value"": 4.882812023, ""config"": [1, 1, 1, 0, 0, 1]}, {""name"": ""c1_3#ec_na#0"", ""value"": -11.13281155, ""config"": [1, 1, 0, 0, 0, 1]}, {""name"": ""c1_5#ec_na#0"", ""value"": 41.9921875, ""config"": [0, 0, 0, 0, 0, 0]}, {""name"": ""e0_so2#mc_ppb#0"", ""value"": 1, ""config"": null}, {""name"": ""e0_no2#mc_ppb#0"", ""value"": 1, ""config"": null}, {""name"": ""e0_o3#mc_ppb#0"", ""value"": 1, ""config"": null}, {""name"": ""e0_co#mc_ppm#0"", ""value"": 1, ""config"": null}]","{""km_e"": [""e0_co#mc_ppm#0"", ""e0_so2#mc_ppb#0"", ""e0_o3#mc_ppb#0"", ""e0_no2#mc_ppb#0""], ""km_g"": [""co"", ""so2"", ""o3"", ""no2""], ""km_s"": [""c1_0#ec_na#0"", ""c1_5#ec_na#0"", ""c1_4#ec_na#0"", ""c1_3#ec_na#0""]}",ENSABE020002
False,24.795,120.987,1676735416,2023-02-18T15:50:16Z,1676735418,2023-02-18T15:50:18Z,c92494ea-5e44-4507-8776-984705d1fd2b_2023-02_v0,"[{""name"": ""c0_rh0#rh_p#0"", ""value"": 60.3, ""config"": null}, {""name"": ""c0_tm0#tm_c#0"", ""value"": 18.2, ""config"": null}, {""name"": ""c0_wv0#wv_deg#0"", ""value"": 330, ""config"": null}, {""name"": ""c0_am0#am_ms#0"", ""value"": 0, ""config"": null}, {""name"": ""c0_pm10#pm_ugm3#0"", ""value"": 0, ""config"": [0, 0]}, {""name"": ""c0_pm2p5#pm_ugm3#0"", ""value"": 0, ""config"": [0, 0]}, {""name"": ""c1_4#ec_na#0"", ""value"": -1.953125, ""config"": [0, 0, 0, 0, 1, 0]}, {""name"": ""c1_0#ec_na#0"", ""value"": 4.394530773, ""config"": [1, 1, 1, 0, 0, 1]}, {""name"": ""c1_3#ec_na#0"", ""value"": -10.74218845, ""config"": [1, 1, 0, 0, 0, 1]}, {""name"": ""c1_5#ec_na#0"", ""value"": 36.81640625, ""config"": [0, 0, 0, 0, 0, 0]}, {""name"": ""e0_so2#mc_ppb#0"", ""value"": 1, ""config"": null}, {""name"": ""e0_no2#mc_ppb#0"", ""value"": 1, ""config"": null}, {""name"": ""e0_o3#mc_ppb#0"", ""value"": 1, ""config"": null}, {""name"": ""e0_co#mc_ppm#0"", ""value"": 1, ""config"": null}]","{""km_e"": [""e0_co#mc_ppm#0"", ""e0_so2#mc_ppb#0"", ""e0_o3#mc_ppb#0"", ""e0_no2#mc_ppb#0""], ""km_g"": [""co"", ""so2"", ""o3"", ""no2""], ""km_s"": [""c1_0#ec_na#0"", ""c1_5#ec_na#0"", ""c1_4#ec_na#0"", ""c1_3#ec_na#0""]}",ENSABE020002
False,24.795,120.987,1676736736,2023-02-18T16:12:16Z,1676736738,2023-02-18T16:12:18Z,c92494ea-5e44-4507-8776-984705d1fd2b_2023-02_v0,"[{""name"": ""c0_rh0#rh_p#0"", ""value"": 60.3, ""config"": null}, {""name"": ""c0_tm0#tm_c#0"", ""value"": 18.2, ""config"": null}, {""name"": ""c0_wv0#wv_deg#0"", ""value"": 330, ""config"": null}, {""name"": ""c0_am0#am_ms#0"", ""value"": 0, ""config"": null}, {""name"": ""c0_pm10#pm_ugm3#0"", ""value"": 0, ""config"": [0, 0]}, {""name"": ""c0_pm2p5#pm_ugm3#0"", ""value"": 0, ""config"": [0, 0]}, {""name"": ""c1_4#ec_na#0"", ""value"": -1.953125, ""config"": [0, 0, 0, 0, 1, 0]}, {""name"": ""c1_0#ec_na#0"", ""value"": 3.90625, ""config"": [1, 1, 1, 0, 0, 1]}, {""name"": ""c1_3#ec_na#0"", ""value"": -10.74218845, ""config"": [1, 1, 0, 0, 0, 1]}, {""name"": ""c1_5#ec_na#0"", ""value"": 37.109375, ""config"": [0, 0, 0, 0, 0, 0]}, {""name"": ""e0_so2#mc_ppb#0"", ""value"": 1, ""config"": null}, {""name"": ""e0_no2#mc_ppb#0"", ""value"": 1, ""config"": null}, {""name"": ""e0_o3#mc_ppb#0"", ""value"": 1, ""config"": null}, {""name"": ""e0_co#mc_ppm#0"", ""value"": 1, ""config"": null}]","{""km_e"": [""e0_co#mc_ppm#0"", ""e0_so2#mc_ppb#0"", ""e0_o3#mc_ppb#0"", ""e0_no2#mc_ppb#0""], ""km_g"": [""co"", ""so2"", ""o3"", ""no2""], ""km_s"": [""c1_0#ec_na#0"", ""c1_5#ec_na#0"", ""c1_4#ec_na#0"", ""c1_3#ec_na#0""]}",ENSABE020002
False,24.795,120.987,1676740156,2023-02-18T17:09:16Z,1676740158,2023-02-18T17:09:18Z,c92494ea-5e44-4507-8776-984705d1fd2b_2023-02_v0,"[{""name"": ""c0_rh0#rh_p#0"", ""value"": 60.3, ""config"": null}, {""name"": ""c0_tm0#tm_c#0"", ""value"": 18.2, ""config"": null}, {""name"": ""c0_wv0#wv_deg#0"", ""value"": 330, ""config"": null}, {""name"": ""c0_am0#am_ms#0"", ""value"": 0, ""config"": null}, {""name"": ""c0_pm10#pm_ugm3#0"", ""value"": 0, ""config"": [0, 0]}, {""name"": ""c0_pm2p5#pm_ugm3#0"", ""value"": 0, ""config"": [0, 0]}, {""name"": ""c1_4#ec_na#0"", ""value"": -1.855468988, ""config"": [0, 0, 0, 0, 1, 0]}, {""name"": ""c1_0#ec_na#0"", ""value"": 4.101562023, ""config"": [1, 1, 1, 0, 0, 1]}, {""name"": ""c1_3#ec_na#0"", ""value"": -12.01171875, ""config"": [1, 1, 0, 0, 0, 1]}, {""name"": ""c1_5#ec_na#0"", ""value"": 36.71875, ""config"": [0, 0, 0, 0, 0, 0]}, {""name"": ""e0_so2#mc_ppb#0"", ""value"": 1, ""config"": null}, {""name"": ""e0_no2#mc_ppb#0"", ""value"": 1, ""config"": null}, {""name"": ""e0_o3#mc_ppb#0"", ""value"": 1, ""config"": null}, {""name"": ""e0_co#mc_ppm#0"", ""value"": 1, ""config"": null}]","{""km_e"": [""e0_co#mc_ppm#0"", ""e0_so2#mc_ppb#0"", ""e0_o3#mc_ppb#0"", ""e0_no2#mc_ppb#0""], ""km_g"": [""co"", ""so2"", ""o3"", ""no2""], ""km_s"": [""c1_0#ec_na#0"", ""c1_5#ec_na#0"", ""c1_4#ec_na#0"", ""c1_3#ec_na#0""]}",ENSABE020002
False,24.795,120.987,1676741356,2023-02-18T17:29:16Z,1676741358,2023-02-18T17:29:18Z,c92494ea-5e44-4507-8776-984705d1fd2b_2023-02_v0,"[{""name"": ""c0_rh0#rh_p#0"", ""value"": 60.3, ""config"": null}, {""name"": ""c0_tm0#tm_c#0"", ""value"": 18.2, ""config"": null}, {""name"": ""c0_wv0#wv_deg#0"", ""value"": 330, ""config"": null}, {""name"": ""c0_am0#am_ms#0"", ""value"": 0, ""config"": null}, {""name"": ""c0_pm10#pm_ugm3#0"", ""value"": 0, ""config"": [0, 0]}, {""name"": ""c0_pm2p5#pm_ugm3#0"", ""value"": 0, ""config"": [0, 0]}, {""name"": ""c1_4#ec_na#0"", ""value"": -2.050781012, ""config"": [0, 0, 0, 0, 1, 0]}, {""name"": ""c1_0#ec_na#0"", ""value"": 4.003905773, ""config"": [1, 1, 1, 0, 0, 1]}, {""name"": ""c1_3#ec_na#0"", ""value"": -12.5, ""config"": [1, 1, 0, 0, 0, 1]}, {""name"": ""c1_5#ec_na#0"", ""value"": 35.05859375, ""config"": [0, 0, 0, 0, 0, 0]}, {""name"": ""e0_so2#mc_ppb#0"", ""value"": 1, ""config"": null}, {""name"": ""e0_no2#mc_ppb#0"", ""value"": 1, ""config"": null}, {""name"": ""e0_o3#mc_ppb#0"", ""value"": 1, ""config"": null}, {""name"": ""e0_co#mc_ppm#0"", ""value"": 1, ""config"": null}]","{""km_e"": [""e0_co#mc_ppm#0"", ""e0_so2#mc_ppb#0"", ""e0_o3#mc_ppb#0"", ""e0_no2#mc_ppb#0""], ""km_g"": [""co"", ""so2"", ""o3"", ""no2""], ""km_s"": [""c1_0#ec_na#0"", ""c1_5#ec_na#0"", ""c1_4#ec_na#0"", ""c1_3#ec_na#0""]}",ENSABE020002
False,24.795,120.987,1676742856,2023-02-18T17:54:16Z,1676742858,2023-02-18T17:54:18Z,c92494ea-5e44-4507-8776-984705d1fd2b_2023-02_v0,"[{""name"": ""c0_rh0#rh_p#0"", ""value"": 60.3, ""config"": null}, {""name"": ""c0_tm0#tm_c#0"", ""value"": 18.2, ""config"": null}, {""name"": ""c0_wv0#wv_deg#0"", ""value"": 330, ""config"": null}, {""name"": ""c0_am0#am_ms#0"", ""value"": 0, ""config"": null}, {""name"": ""c0_pm10#pm_ugm3#0"", ""value"": 0, ""config"": [0, 0]}, {""name"": ""c0_pm2p5#pm_ugm3#0"", ""value"": 0, ""config"": [0, 0]}, {""name"": ""c1_4#ec_na#0"", ""value"": -1.5625, ""config"": [0, 0, 0, 0, 1, 0]}, {""name"": ""c1_0#ec_na#0"", ""value"": 4.003905773, ""config"": [1, 1, 1, 0, 0, 1]}, {""name"": ""c1_3#ec_na#0"", ""value"": -11.13281155, ""config"": [1, 1, 0, 0, 0, 1]}, {""name"": ""c1_5#ec_na#0"", ""value"": 36.62109375, ""config"": [0, 0, 0, 0, 0, 0]}, {""name"": ""e0_so2#mc_ppb#0"", ""value"": 1, ""config"": null}, {""name"": ""e0_no2#mc_ppb#0"", ""value"": 1, ""config"": null}, {""name"": ""e0_o3#mc_ppb#0"", ""value"": 1, ""config"": null}, {""name"": ""e0_co#mc_ppm#0"", ""value"": 1, ""config"": null}]","{""km_e"": [""e0_co#mc_ppm#0"", ""e0_so2#mc_ppb#0"", ""e0_o3#mc_ppb#0"", ""e0_no2#mc_ppb#0""], ""km_g"": [""co"", ""so2"", ""o3"", ""no2""], ""km_s"": [""c1_0#ec_na#0"", ""c1_5#ec_na#0"", ""c1_4#ec_na#0"", ""c1_3#ec_na#0""]}",ENSABE020002
False,24.795,120.987,1676744837,2023-02-18T18:27:17Z,1676744838,2023-02-18T18:27:18Z,c92494ea-5e44-4507-8776-984705d1fd2b_2023-02_v0,"[{""name"": ""c0_rh0#rh_p#0"", ""value"": 60.3, ""config"": null}, {""name"": ""c0_tm0#tm_c#0"", ""value"": 18.2, ""config"": null}, {""name"": ""c0_wv0#wv_deg#0"", ""value"": 330, ""config"": null}, {""name"": ""c0_am0#am_ms#0"", ""value"": 0, ""config"": null}, {""name"": ""c0_pm10#pm_ugm3#0"", ""value"": 0, ""config"": [0, 0]}, {""name"": ""c0_pm2p5#pm_ugm3#0"", ""value"": 0, ""config"": [0, 0]}, {""name"": ""c1_4#ec_na#0"", ""value"": -2.246093988, ""config"": [0, 0, 0, 0, 1, 0]}, {""name"": ""c1_0#ec_na#0"", ""value"": 4.003905773, ""config"": [1, 1, 1, 0, 0, 1]}, {""name"": ""c1_3#ec_na#0"", ""value"": -11.81640625, ""config"": [1, 1, 0, 0, 0, 1]}, {""name"": ""c1_5#ec_na#0"", ""value"": 35.83984375, ""config"": [0, 0, 0, 0, 0, 0]}, {""name"": ""e0_so2#mc_ppb#0"", ""value"": 1, ""config"": null}, {""name"": ""e0_no2#mc_ppb#0"", ""value"": 1, ""config"": null}, {""name"": ""e0_o3#mc_ppb#0"", ""value"": 1, ""config"": null}, {""name"": ""e0_co#mc_ppm#0"", ""value"": 1, ""config"": null}]","{""km_e"": [""e0_co#mc_ppm#0"", ""e0_so2#mc_ppb#0"", ""e0_o3#mc_ppb#0"", ""e0_no2#mc_ppb#0""], ""km_g"": [""co"", ""so2"", ""o3"", ""no2""], ""km_s"": [""c1_0#ec_na#0"", ""c1_5#ec_na#0"", ""c1_4#ec_na#0"", ""c1_3#ec_na#0""]}",ENSABE020002
False,24.795,120.987,1676745676,2023-02-18T18:41:16Z,1676745678,2023-02-18T18:41:18Z,c92494ea-5e44-4507-8776-984705d1fd2b_2023-02_v0,"[{""name"": ""c0_rh0#rh_p#0"", ""value"": 60.3, ""config"": null}, {""name"": ""c0_tm0#tm_c#0"", ""value"": 18.2, ""config"": null}, {""name"": ""c0_wv0#wv_deg#0"", ""value"": 330, ""config"": null}, {""name"": ""c0_am0#am_ms#0"", ""value"": 0, ""config"": null}, {""name"": ""c0_pm10#pm_ugm3#0"", ""value"": 0, ""config"": [0, 0]}, {""name"": ""c0_pm2p5#pm_ugm3#0"", ""value"": 0, ""config"": [0, 0]}, {""name"": ""c1_4#ec_na#0"", ""value"": -1.757812023, ""config"": [0, 0, 0, 0, 1, 0]}, {""name"": ""c1_0#ec_na#0"", ""value"": 3.808593988, ""config"": [1, 1, 1, 0, 0, 1]}, {""name"": ""c1_3#ec_na#0"", ""value"": -13.18359375, ""config"": [1, 1, 0, 0, 0, 1]}, {""name"": ""c1_5#ec_na#0"", ""value"": 34.5703125, ""config"": [0, 0, 0, 0, 0, 0]}, {""name"": ""e0_so2#mc_ppb#0"", ""value"": 1, ""config"": null}, {""name"": ""e0_no2#mc_ppb#0"", ""value"": 1, ""config"": null}, {""name"": ""e0_o3#mc_ppb#0"", ""value"": 1, ""config"": null}, {""name"": ""e0_co#mc_ppm#0"", ""value"": 1, ""config"": null}]","{""km_e"": [""e0_co#mc_ppm#0"", ""e0_so2#mc_ppb#0"", ""e0_o3#mc_ppb#0"", ""e0_no2#mc_ppb#0""], ""km_g"": [""co"", ""so2"", ""o3"", ""no2""], ""km_s"": [""c1_0#ec_na#0"", ""c1_5#ec_na#0"", ""c1_4#ec_na#0"", ""c1_3#ec_na#0""]}",ENSABE020002
False,24.795,120.987,1676745917,2023-02-18T18:45:17Z,1676745918,2023-02-18T18:45:18Z,c92494ea-5e44-4507-8776-984705d1fd2b_2023-02_v0,"[{""name"": ""c0_rh0#rh_p#0"", ""value"": 60.3, ""config"": null}, {""name"": ""c0_tm0#tm_c#0"", ""value"": 18.2, ""config"": null}, {""name"": ""c0_wv0#wv_deg#0"", ""value"": 330, ""config"": null}, {""name"": ""c0_am0#am_ms#0"", ""value"": 0, ""config"": null}, {""name"": ""c0_pm10#pm_ugm3#0"", ""value"": 0, ""config"": [0, 0]}, {""name"": ""c0_pm2p5#pm_ugm3#0"", ""value"": 0, ""config"": [0, 0]}, {""name"": ""c1_4#ec_na#0"", ""value"": -1.855468988, ""config"": [0, 0, 0, 0, 1, 0]}, {""name"": ""c1_0#ec_na#0"", ""value"": 4.003905773, ""config"": [1, 1, 1, 0, 0, 1]}, {""name"": ""c1_3#ec_na#0"", ""value"": -13.28125, ""config"": [1, 1, 0, 0, 0, 1]}, {""name"": ""c1_5#ec_na#0"", ""value"": 35.9375, ""config"": [0, 0, 0, 0, 0, 0]}, {""name"": ""e0_so2#mc_ppb#0"", ""value"": 1, ""config"": null}, {""name"": ""e0_no2#mc_ppb#0"", ""value"": 1, ""config"": null}, {""name"": ""e0_o3#mc_ppb#0"", ""value"": 1, ""config"": null}, {""name"": ""e0_co#mc_ppm#0"", ""value"": 1, ""config"": null}]","{""km_e"": [""e0_co#mc_ppm#0"", ""e0_so2#mc_ppb#0"", ""e0_o3#mc_ppb#0"", ""e0_no2#mc_ppb#0""], ""km_g"": [""co"", ""so2"", ""o3"", ""no2""], ""km_s"": [""c1_0#ec_na#0"", ""c1_5#ec_na#0"", ""c1_4#ec_na#0"", ""c1_3#ec_na#0""]}",ENSABE020002
False,24.795,120.987,1676746696,2023-02-18T18:58:16Z,1676746698,2023-02-18T18:58:18Z,c92494ea-5e44-4507-8776-984705d1fd2b_2023-02_v0,"[{""name"": ""c0_rh0#rh_p#0"", ""value"": 60.3, ""config"": null}, {""name"": ""c0_tm0#tm_c#0"", ""value"": 18.2, ""config"": null}, {""name"": ""c0_wv0#wv_deg#0"", ""value"": 330, ""config"": null}, {""name"": ""c0_am0#am_ms#0"", ""value"": 0, ""config"": null}, {""name"": ""c0_pm10#pm_ugm3#0"", ""value"": 0, ""config"": [0, 0]}, {""name"": ""c0_pm2p5#pm_ugm3#0"", ""value"": 0, ""config"": [0, 0]}, {""name"": ""c1_4#ec_na#0"", ""value"": -2.246093988, ""config"": [0, 0, 0, 0, 1, 0]}, {""name"": ""c1_0#ec_na#0"", ""value"": 3.90625, ""config"": [1, 1, 1, 0, 0, 1]}, {""name"": ""c1_3#ec_na#0"", ""value"": -15.234375, ""config"": [1, 1, 0, 0, 0, 1]}, {""name"": ""c1_5#ec_na#0"", ""value"": 37.109375, ""config"": [0, 0, 0, 0, 0, 0]}, {""name"": ""e0_so2#mc_ppb#0"", ""value"": 1, ""config"": null}, {""name"": ""e0_no2#mc_ppb#0"", ""value"": 1, ""config"": null}, {""name"": ""e0_o3#mc_ppb#0"", ""value"": 1, ""config"": null}, {""name"": ""e0_co#mc_ppm#0"", ""value"": 1, ""config"": null}]","{""km_e"": [""e0_co#mc_ppm#0"", ""e0_so2#mc_ppb#0"", ""e0_o3#mc_ppb#0"", ""e0_no2#mc_ppb#0""], ""km_g"": [""co"", ""so2"", ""o3"", ""no2""], ""km_s"": [""c1_0#ec_na#0"", ""c1_5#ec_na#0"", ""c1_4#ec_na#0"", ""c1_3#ec_na#0""]}",ENSABE020002
False,24.795,120.987,1676747416,2023-02-18T19:10:16Z,1676747418,2023-02-18T19:10:18Z,c92494ea-5e44-4507-8776-984705d1fd2b_2023-02_v0,"[{""name"": ""c0_rh0#rh_p#0"", ""value"": 60.3, ""config"": null}, {""name"": ""c0_tm0#tm_c#0"", ""value"": 18.2, ""config"": null}, {""name"": ""c0_wv0#wv_deg#0"", ""value"": 330, ""config"": null}, {""name"": ""c0_am0#am_ms#0"", ""value"": 0, ""config"": null}, {""name"": ""c0_pm10#pm_ugm3#0"", ""value"": 0, ""config"": [0, 0]}, {""name"": ""c0_pm2p5#pm_ugm3#0"", ""value"": 0, ""config"": [0, 0]}, {""name"": ""c1_4#ec_na#0"", ""value"": -2.148437977, ""config"": [0, 0, 0, 0, 1, 0]}, {""name"": ""c1_0#ec_na#0"", ""value"": 3.90625, ""config"": [1, 1, 1, 0, 0, 1]}, {""name"": ""c1_3#ec_na#0"", ""value"": -12.69531155, ""config"": [1, 1, 0, 0, 0, 1]}, {""name"": ""c1_5#ec_na#0"", ""value"": 37.109375, ""config"": [0, 0, 0, 0, 0, 0]}, {""name"": ""e0_so2#mc_ppb#0"", ""value"": 1, ""config"": null}, {""name"": ""e0_no2#mc_ppb#0"", ""value"": 1, ""config"": null}, {""name"": ""e0_o3#mc_ppb#0"", ""value"": 1, ""config"": null}, {""name"": ""e0_co#mc_ppm#0"", ""value"": 1, ""config"": null}]","{""km_e"": [""e0_co#mc_ppm#0"", ""e0_so2#mc_ppb#0"", ""e0_o3#mc_ppb#0"", ""e0_no2#mc_ppb#0""], ""km_g"": [""co"", ""so2"", ""o3"", ""no2""], ""km_s"": [""c1_0#ec_na#0"", ""c1_5#ec_na#0"", ""c1_4#ec_na#0"", ""c1_3#ec_na#0""]}",ENSABE020002
False,24.795,120.987,1676748196,2023-02-18T19:23:16Z,1676748198,2023-02-18T19:23:18Z,c92494ea-5e44-4507-8776-984705d1fd2b_2023-02_v0,"[{""name"": ""c0_rh0#rh_p#0"", ""value"": 60.3, ""config"": null}, {""name"": ""c0_tm0#tm_c#0"", ""value"": 18.2, ""config"": null}, {""name"": ""c0_wv0#wv_deg#0"", ""value"": 330, ""config"": null}, {""name"": ""c0_am0#am_ms#0"", ""value"": 0, ""config"": null}, {""name"": ""c0_pm10#pm_ugm3#0"", ""value"": 0, ""config"": [0, 0]}, {""name"": ""c0_pm2p5#pm_ugm3#0"", ""value"": 0, ""config"": [0, 0]}, {""name"": ""c1_4#ec_na#0"", ""value"": -2.148437977, ""config"": [0, 0, 0, 0, 1, 0]}, {""name"": ""c1_0#ec_na#0"", ""value"": 4.101562023, ""config"": [1, 1, 1, 0, 0, 1]}, {""name"": ""c1_3#ec_na#0"", ""value"": -12.30468845, ""config"": [1, 1, 0, 0, 0, 1]}, {""name"": ""c1_5#ec_na#0"", ""value"": 35.44921875, ""config"": [0, 0, 0, 0, 0, 0]}, {""name"": ""e0_so2#mc_ppb#0"", ""value"": 1, ""config"": null}, {""name"": ""e0_no2#mc_ppb#0"", ""value"": 1, ""config"": null}, {""name"": ""e0_o3#mc_ppb#0"", ""value"": 1, ""config"": null}, {""name"": ""e0_co#mc_ppm#0"", ""value"": 1, ""config"": null}]","{""km_e"": [""e0_co#mc_ppm#0"", ""e0_so2#mc_ppb#0"", ""e0_o3#mc_ppb#0"", ""e0_no2#mc_ppb#0""], ""km_g"": [""co"", ""so2"", ""o3"", ""no2""], ""km_s"": [""c1_0#ec_na#0"", ""c1_5#ec_na#0"", ""c1_4#ec_na#0"", ""c1_3#ec_na#0""]}",ENSABE020002
False,24.795,120.987,1676749336,2023-02-18T19:42:16Z,1676749338,2023-02-18T19:42:18Z,c92494ea-5e44-4507-8776-984705d1fd2b_2023-02_v0,"[{""name"": ""c0_rh0#rh_p#0"", ""value"": 60.3, ""config"": null}, {""name"": ""c0_tm0#tm_c#0"", ""value"": 18.2, ""config"": null}, {""name"": ""c0_wv0#wv_deg#0"", ""value"": 330, ""config"": null}, {""name"": ""c0_am0#am_ms#0"", ""value"": 0, ""config"": null}, {""name"": ""c0_pm10#pm_ugm3#0"", ""value"": 0, ""config"": [0, 0]}, {""name"": ""c0_pm2p5#pm_ugm3#0"", ""value"": 0, ""config"": [0, 0]}, {""name"": ""c1_4#ec_na#0"", ""value"": -1.953125, ""config"": [0, 0, 0, 0, 1, 0]}, {""name"": ""c1_0#ec_na#0"", ""value"": 4.394530773, ""config"": [1, 1, 1, 0, 0, 1]}, {""name"": ""c1_3#ec_na#0"", ""value"": -12.98828125, ""config"": [1, 1, 0, 0, 0, 1]}, {""name"": ""c1_5#ec_na#0"", ""value"": 35.44921875, ""config"": [0, 0, 0, 0, 0, 0]}, {""name"": ""e0_so2#mc_ppb#0"", ""value"": 1, ""config"": null}, {""name"": ""e0_no2#mc_ppb#0"", ""value"": 1, ""config"": null}, {""name"": ""e0_o3#mc_ppb#0"", ""value"": 1, ""config"": null}, {""name"": ""e0_co#mc_ppm#0"", ""value"": 1, ""config"": null}]","{""km_e"": [""e0_co#mc_ppm#0"", ""e0_so2#mc_ppb#0"", ""e0_o3#mc_ppb#0"", ""e0_no2#mc_ppb#0""], ""km_g"": [""co"", ""so2"", ""o3"", ""no2""], ""km_s"": [""c1_0#ec_na#0"", ""c1_5#ec_na#0"", ""c1_4#ec_na#0"", ""c1_3#ec_na#0""]}",ENSABE020002
False,24.795,120.987,1676749636,2023-02-18T19:47:16Z,1676749638,2023-02-18T19:47:18Z,c92494ea-5e44-4507-8776-984705d1fd2b_2023-02_v0,"[{""name"": ""c0_rh0#rh_p#0"", ""value"": 60.3, ""config"": null}, {""name"": ""c0_tm0#tm_c#0"", ""value"": 18.2, ""config"": null}, {""name"": ""c0_wv0#wv_deg#0"", ""value"": 330, ""config"": null}, {""name"": ""c0_am0#am_ms#0"", ""value"": 0, ""config"": null}, {""name"": ""c0_pm10#pm_ugm3#0"", ""value"": 0, ""config"": [0, 0]}, {""name"": ""c0_pm2p5#pm_ugm3#0"", ""value"": 0, ""config"": [0, 0]}, {""name"": ""c1_4#ec_na#0"", ""value"": -2.050781012, ""config"": [0, 0, 0, 0, 1, 0]}, {""name"": ""c1_0#ec_na#0"", ""value"": 4.296875, ""config"": [1, 1, 1, 0, 0, 1]}, {""name"": ""c1_3#ec_na#0"", ""value"": -12.890625, ""config"": [1, 1, 0, 0, 0, 1]}, {""name"": ""c1_5#ec_na#0"", ""value"": 34.1796875, ""config"": [0, 0, 0, 0, 0, 0]}, {""name"": ""e0_so2#mc_ppb#0"", ""value"": 1, ""config"": null}, {""name"": ""e0_no2#mc_ppb#0"", ""value"": 1, ""config"": null}, {""name"": ""e0_o3#mc_ppb#0"", ""value"": 1, ""config"": null}, {""name"": ""e0_co#mc_ppm#0"", ""value"": 1, ""config"": null}]","{""km_e"": [""e0_co#mc_ppm#0"", ""e0_so2#mc_ppb#0"", ""e0_o3#mc_ppb#0"", ""e0_no2#mc_ppb#0""], ""km_g"": [""co"", ""so2"", ""o3"", ""no2""], ""km_s"": [""c1_0#ec_na#0"", ""c1_5#ec_na#0"", ""c1_4#ec_na#0"", ""c1_3#ec_na#0""]}",ENSABE020002
False,24.795,120.987,1676750836,2023-02-18T20:07:16Z,1676750838,2023-02-18T20:07:18Z,c92494ea-5e44-4507-8776-984705d1fd2b_2023-02_v0,"[{""name"": ""c0_rh0#rh_p#0"", ""value"": 60.3, ""config"": null}, {""name"": ""c0_tm0#tm_c#0"", ""value"": 18.2, ""config"": null}, {""name"": ""c0_wv0#wv_deg#0"", ""value"": 330, ""config"": null}, {""name"": ""c0_am0#am_ms#0"", ""value"": 0, ""config"": null}, {""name"": ""c0_pm10#pm_ugm3#0"", ""value"": 0, ""config"": [0, 0]}, {""name"": ""c0_pm2p5#pm_ugm3#0"", ""value"": 0, ""config"": [0, 0]}, {""name"": ""c1_4#ec_na#0"", ""value"": -1.660156012, ""config"": [0, 0, 0, 0, 1, 0]}, {""name"": ""c1_0#ec_na#0"", ""value"": 4.101562023, ""config"": [1, 1, 1, 0, 0, 1]}, {""name"": ""c1_3#ec_na#0"", ""value"": -12.59765625, ""config"": [1, 1, 0, 0, 0, 1]}, {""name"": ""c1_5#ec_na#0"", ""value"": 35.15625, ""config"": [0, 0, 0, 0, 0, 0]}, {""name"": ""e0_so2#mc_ppb#0"", ""value"": 1, ""config"": null}, {""name"": ""e0_no2#mc_ppb#0"", ""value"": 1, ""config"": null}, {""name"": ""e0_o3#mc_ppb#0"", ""value"": 1, ""config"": null}, {""name"": ""e0_co#mc_ppm#0"", ""value"": 1, ""config"": null}]","{""km_e"": [""e0_co#mc_ppm#0"", ""e0_so2#mc_ppb#0"", ""e0_o3#mc_ppb#0"", ""e0_no2#mc_ppb#0""], ""km_g"": [""co"", ""so2"", ""o3"", ""no2""], ""km_s"": [""c1_0#ec_na#0"", ""c1_5#ec_na#0"", ""c1_4#ec_na#0"", ""c1_3#ec_na#0""]}",ENSABE020002
False,24.795,120.987,1676752516,2023-02-18T20:35:16Z,1676752518,2023-02-18T20:35:18Z,c92494ea-5e44-4507-8776-984705d1fd2b_2023-02_v0,"[{""name"": ""c0_rh0#rh_p#0"", ""value"": 60.3, ""config"": null}, {""name"": ""c0_tm0#tm_c#0"", ""value"": 18.2, ""config"": null}, {""name"": ""c0_wv0#wv_deg#0"", ""value"": 330, ""config"": null}, {""name"": ""c0_am0#am_ms#0"", ""value"": 0, ""config"": null}, {""name"": ""c0_pm10#pm_ugm3#0"", ""value"": 0, ""config"": [0, 0]}, {""name"": ""c0_pm2p5#pm_ugm3#0"", ""value"": 0, ""config"": [0, 0]}, {""name"": ""c1_4#ec_na#0"", ""value"": -2.148437977, ""config"": [0, 0, 0, 0, 1, 0]}, {""name"": ""c1_0#ec_na#0"", ""value"": 4.101562023, ""config"": [1, 1, 1, 0, 0, 1]}, {""name"": ""c1_3#ec_na#0"", ""value"": -12.98828125, ""config"": [1, 1, 0, 0, 0, 1]}, {""name"": ""c1_5#ec_na#0"", ""value"": 34.08203125, ""config"": [0, 0, 0, 0, 0, 0]}, {""name"": ""e0_so2#mc_ppb#0"", ""value"": 1, ""config"": null}, {""name"": ""e0_no2#mc_ppb#0"", ""value"": 1, ""config"": null}, {""name"": ""e0_o3#mc_ppb#0"", ""value"": 1, ""config"": null}, {""name"": ""e0_co#mc_ppm#0"", ""value"": 1, ""config"": null}]","{""km_e"": [""e0_co#mc_ppm#0"", ""e0_so2#mc_ppb#0"", ""e0_o3#mc_ppb#0"", ""e0_no2#mc_ppb#0""], ""km_g"": [""co"", ""so2"", ""o3"", ""no2""], ""km_s"": [""c1_0#ec_na#0"", ""c1_5#ec_na#0"", ""c1_4#ec_na#0"", ""c1_3#ec_na#0""]}",ENSABE020002
False,24.795,120.987,1676752636,2023-02-18T20:37:16Z,1676752638,2023-02-18T20:37:18Z,c92494ea-5e44-4507-8776-984705d1fd2b_2023-02_v0,"[{""name"": ""c0_rh0#rh_p#0"", ""value"": 60.3, ""config"": null}, {""name"": ""c0_tm0#tm_c#0"", ""value"": 18.2, ""config"": null}, {""name"": ""c0_wv0#wv_deg#0"", ""value"": 330, ""config"": null}, {""name"": ""c0_am0#am_ms#0"", ""value"": 0, ""config"": null}, {""name"": ""c0_pm10#pm_ugm3#0"", ""value"": 0, ""config"": [0, 0]}, {""name"": ""c0_pm2p5#pm_ugm3#0"", ""value"": 0, ""config"": [0, 0]}, {""name"": ""c1_4#ec_na#0"", ""value"": -2.050781012, ""config"": [0, 0, 0, 0, 1, 0]}, {""name"": ""c1_0#ec_na#0"", ""value"": 4.296875, ""config"": [1, 1, 1, 0, 0, 1]}, {""name"": ""c1_3#ec_na#0"", ""value"": -12.79296875, ""config"": [1, 1, 0, 0, 0, 1]}, {""name"": ""c1_5#ec_na#0"", ""value"": 33.49609375, ""config"": [0, 0, 0, 0, 0, 0]}, {""name"": ""e0_so2#mc_ppb#0"", ""value"": 1, ""config"": null}, {""name"": ""e0_no2#mc_ppb#0"", ""value"": 1, ""config"": null}, {""name"": ""e0_o3#mc_ppb#0"", ""value"": 1, ""config"": null}, {""name"": ""e0_co#mc_ppm#0"", ""value"": 1, ""config"": null}]","{""km_e"": [""e0_co#mc_ppm#0"", ""e0_so2#mc_ppb#0"", ""e0_o3#mc_ppb#0"", ""e0_no2#mc_ppb#0""], ""km_g"": [""co"", ""so2"", ""o3"", ""no2""], ""km_s"": [""c1_0#ec_na#0"", ""c1_5#ec_na#0"", ""c1_4#ec_na#0"", ""c1_3#ec_na#0""]}",ENSABE020002
False,24.795,120.987,1676752756,2023-02-18T20:39:16Z,1676752758,2023-02-18T20:39:18Z,c92494ea-5e44-4507-8776-984705d1fd2b_2023-02_v0,"[{""name"": ""c0_rh0#rh_p#0"", ""value"": 60.3, ""config"": null}, {""name"": ""c0_tm0#tm_c#0"", ""value"": 18.2, ""config"": null}, {""name"": ""c0_wv0#wv_deg#0"", ""value"": 330, ""config"": null}, {""name"": ""c0_am0#am_ms#0"", ""value"": 0, ""config"": null}, {""name"": ""c0_pm10#pm_ugm3#0"", ""value"": 0, ""config"": [0, 0]}, {""name"": ""c0_pm2p5#pm_ugm3#0"", ""value"": 0, ""config"": [0, 0]}, {""name"": ""c1_4#ec_na#0"", ""value"": -1.855468988, ""config"": [0, 0, 0, 0, 1, 0]}, {""name"": ""c1_0#ec_na#0"", ""value"": 4.101562023, ""config"": [1, 1, 1, 0, 0, 1]}, {""name"": ""c1_3#ec_na#0"", ""value"": -13.28125, ""config"": [1, 1, 0, 0, 0, 1]}, {""name"": ""c1_5#ec_na#0"", ""value"": 34.47265625, ""config"": [0, 0, 0, 0, 0, 0]}, {""name"": ""e0_so2#mc_ppb#0"", ""value"": 1, ""config"": null}, {""name"": ""e0_no2#mc_ppb#0"", ""value"": 1, ""config"": null}, {""name"": ""e0_o3#mc_ppb#0"", ""value"": 1, ""config"": null}, {""name"": ""e0_co#mc_ppm#0"", ""value"": 1, ""config"": null}]","{""km_e"": [""e0_co#mc_ppm#0"", ""e0_so2#mc_ppb#0"", ""e0_o3#mc_ppb#0"", ""e0_no2#mc_ppb#0""], ""km_g"": [""co"", ""so2"", ""o3"", ""no2""], ""km_s"": [""c1_0#ec_na#0"", ""c1_5#ec_na#0"", ""c1_4#ec_na#0"", ""c1_3#ec_na#0""]}",ENSABE020002
False,24.795,120.987,1676754556,2023-02-18T21:09:16Z,1676754558,2023-02-18T21:09:18Z,c92494ea-5e44-4507-8776-984705d1fd2b_2023-02_v0,"[{""name"": ""c0_rh0#rh_p#0"", ""value"": 60.3, ""config"": null}, {""name"": ""c0_tm0#tm_c#0"", ""value"": 18.2, ""config"": null}, {""name"": ""c0_wv0#wv_deg#0"", ""value"": 330, ""config"": null}, {""name"": ""c0_am0#am_ms#0"", ""value"": 0, ""config"": null}, {""name"": ""c0_pm10#pm_ugm3#0"", ""value"": 0, ""config"": [0, 0]}, {""name"": ""c0_pm2p5#pm_ugm3#0"", ""value"": 0, ""config"": [0, 0]}, {""name"": ""c1_4#ec_na#0"", ""value"": -1.953125, ""config"": [0, 0, 0, 0, 1, 0]}, {""name"": ""c1_0#ec_na#0"", ""value"": 4.980469227, ""config"": [1, 1, 1, 0, 0, 1]}, {""name"": ""c1_3#ec_na#0"", ""value"": -12.01171875, ""config"": [1, 1, 0, 0, 0, 1]}, {""name"": ""c1_5#ec_na#0"", ""value"": 34.47265625, ""config"": [0, 0, 0, 0, 0, 0]}, {""name"": ""e0_so2#mc_ppb#0"", ""value"": 1, ""config"": null}, {""name"": ""e0_no2#mc_ppb#0"", ""value"": 1, ""config"": null}, {""name"": ""e0_o3#mc_ppb#0"", ""value"": 1, ""config"": null}, {""name"": ""e0_co#mc_ppm#0"", ""value"": 1, ""config"": null}]","{""km_e"": [""e0_co#mc_ppm#0"", ""e0_so2#mc_ppb#0"", ""e0_o3#mc_ppb#0"", ""e0_no2#mc_ppb#0""], ""km_g"": [""co"", ""so2"", ""o3"", ""no2""], ""km_s"": [""c1_0#ec_na#0"", ""c1_5#ec_na#0"", ""c1_4#ec_na#0"", ""c1_3#ec_na#0""]}",ENSABE020002
False,24.795,120.987,1676754677,2023-02-18T21:11:17Z,1676754678,2023-02-18T21:11:18Z,c92494ea-5e44-4507-8776-984705d1fd2b_2023-02_v0,"[{""name"": ""c0_rh0#rh_p#0"", ""value"": 60.3, ""config"": null}, {""name"": ""c0_tm0#tm_c#0"", ""value"": 18.2, ""config"": null}, {""name"": ""c0_wv0#wv_deg#0"", ""value"": 330, ""config"": null}, {""name"": ""c0_am0#am_ms#0"", ""value"": 0, ""config"": null}, {""name"": ""c0_pm10#pm_ugm3#0"", ""value"": 0, ""config"": [0, 0]}, {""name"": ""c0_pm2p5#pm_ugm3#0"", ""value"": 0, ""config"": [0, 0]}, {""name"": ""c1_4#ec_na#0"", ""value"": -2.050781012, ""config"": [0, 0, 0, 0, 1, 0]}, {""name"": ""c1_0#ec_na#0"", ""value"": 4.980469227, ""config"": [1, 1, 1, 0, 0, 1]}, {""name"": ""c1_3#ec_na#0"", ""value"": -12.59765625, ""config"": [1, 1, 0, 0, 0, 1]}, {""name"": ""c1_5#ec_na#0"", ""value"": 33.30078125, ""config"": [0, 0, 0, 0, 0, 0]}, {""name"": ""e0_so2#mc_ppb#0"", ""value"": 1, ""config"": null}, {""name"": ""e0_no2#mc_ppb#0"", ""value"": 1, ""config"": null}, {""name"": ""e0_o3#mc_ppb#0"", ""value"": 1, ""config"": null}, {""name"": ""e0_co#mc_ppm#0"", ""value"": 1, ""config"": null}]","{""km_e"": [""e0_co#mc_ppm#0"", ""e0_so2#mc_ppb#0"", ""e0_o3#mc_ppb#0"", ""e0_no2#mc_ppb#0""], ""km_g"": [""co"", ""so2"", ""o3"", ""no2""], ""km_s"": [""c1_0#ec_na#0"", ""c1_5#ec_na#0"", ""c1_4#ec_na#0"", ""c1_3#ec_na#0""]}",ENSABE020002
False,24.795,120.987,1676755576,2023-02-18T21:26:16Z,1676755578,2023-02-18T21:26:18Z,c92494ea-5e44-4507-8776-984705d1fd2b_2023-02_v0,"[{""name"": ""c0_rh0#rh_p#0"", ""value"": 60.3, ""config"": null}, {""name"": ""c0_tm0#tm_c#0"", ""value"": 18.2, ""config"": null}, {""name"": ""c0_wv0#wv_deg#0"", ""value"": 330, ""config"": null}, {""name"": ""c0_am0#am_ms#0"", ""value"": 0, ""config"": null}, {""name"": ""c0_pm10#pm_ugm3#0"", ""value"": 0, ""config"": [0, 0]}, {""name"": ""c0_pm2p5#pm_ugm3#0"", ""value"": 0, ""config"": [0, 0]}, {""name"": ""c1_4#ec_na#0"", ""value"": -1.953125, ""config"": [0, 0, 0, 0, 1, 0]}, {""name"": ""c1_0#ec_na#0"", ""value"": 4.980469227, ""config"": [1, 1, 1, 0, 0, 1]}, {""name"": ""c1_3#ec_na#0"", ""value"": -12.59765625, ""config"": [1, 1, 0, 0, 0, 1]}, {""name"": ""c1_5#ec_na#0"", ""value"": 34.375, ""config"": [0, 0, 0, 0, 0, 0]}, {""name"": ""e0_so2#mc_ppb#0"", ""value"": 1, ""config"": null}, {""name"": ""e0_no2#mc_ppb#0"", ""value"": 1, ""config"": null}, {""name"": ""e0_o3#mc_ppb#0"", ""value"": 1, ""config"": null}, {""name"": ""e0_co#mc_ppm#0"", ""value"": 1, ""config"": null}]","{""km_e"": [""e0_co#mc_ppm#0"", ""e0_so2#mc_ppb#0"", ""e0_o3#mc_ppb#0"", ""e0_no2#mc_ppb#0""], ""km_g"": [""co"", ""so2"", ""o3"", ""no2""], ""km_s"": [""c1_0#ec_na#0"", ""c1_5#ec_na#0"", ""c1_4#ec_na#0"", ""c1_3#ec_na#0""]}",ENSABE020002
False,24.795,120.987,1676755756,2023-02-18T21:29:16Z,1676755758,2023-02-18T21:29:18Z,c92494ea-5e44-4507-8776-984705d1fd2b_2023-02_v0,"[{""name"": ""c0_rh0#rh_p#0"", ""value"": 60.3, ""config"": null}, {""name"": ""c0_tm0#tm_c#0"", ""value"": 18.2, ""config"": null}, {""name"": ""c0_wv0#wv_deg#0"", ""value"": 330, ""config"": null}, {""name"": ""c0_am0#am_ms#0"", ""value"": 0, ""config"": null}, {""name"": ""c0_pm10#pm_ugm3#0"", ""value"": 0, ""config"": [0, 0]}, {""name"": ""c0_pm2p5#pm_ugm3#0"", ""value"": 0, ""config"": [0, 0]}, {""name"": ""c1_4#ec_na#0"", ""value"": -2.148437977, ""config"": [0, 0, 0, 0, 1, 0]}, {""name"": ""c1_0#ec_na#0"", ""value"": 4.785155773, ""config"": [1, 1, 1, 0, 0, 1]}, {""name"": ""c1_3#ec_na#0"", ""value"": -12.40234375, ""config"": [1, 1, 0, 0, 0, 1]}, {""name"": ""c1_5#ec_na#0"", ""value"": 33.10546875, ""config"": [0, 0, 0, 0, 0, 0]}, {""name"": ""e0_so2#mc_ppb#0"", ""value"": 1, ""config"": null}, {""name"": ""e0_no2#mc_ppb#0"", ""value"": 1, ""config"": null}, {""name"": ""e0_o3#mc_ppb#0"", ""value"": 1, ""config"": null}, {""name"": ""e0_co#mc_ppm#0"", ""value"": 1, ""config"": null}]","{""km_e"": [""e0_co#mc_ppm#0"", ""e0_so2#mc_ppb#0"", ""e0_o3#mc_ppb#0"", ""e0_no2#mc_ppb#0""], ""km_g"": [""co"", ""so2"", ""o3"", ""no2""], ""km_s"": [""c1_0#ec_na#0"", ""c1_5#ec_na#0"", ""c1_4#ec_na#0"", ""c1_3#ec_na#0""]}",ENSABE020002
False,24.795,120.987,1676755876,2023-02-18T21:31:16Z,1676755878,2023-02-18T21:31:18Z,c92494ea-5e44-4507-8776-984705d1fd2b_2023-02_v0,"[{""name"": ""c0_rh0#rh_p#0"", ""value"": 60.3, ""config"": null}, {""name"": ""c0_tm0#tm_c#0"", ""value"": 18.2, ""config"": null}, {""name"": ""c0_wv0#wv_deg#0"", ""value"": 330, ""config"": null}, {""name"": ""c0_am0#am_ms#0"", ""value"": 0, ""config"": null}, {""name"": ""c0_pm10#pm_ugm3#0"", ""value"": 0, ""config"": [0, 0]}, {""name"": ""c0_pm2p5#pm_ugm3#0"", ""value"": 0, ""config"": [0, 0]}, {""name"": ""c1_4#ec_na#0"", ""value"": -2.050781012, ""config"": [0, 0, 0, 0, 1, 0]}, {""name"": ""c1_0#ec_na#0"", ""value"": 4.980469227, ""config"": [1, 1, 1, 0, 0, 1]}, {""name"": ""c1_3#ec_na#0"", ""value"": -12.01171875, ""config"": [1, 1, 0, 0, 0, 1]}, {""name"": ""c1_5#ec_na#0"", ""value"": 34.5703125, ""config"": [0, 0, 0, 0, 0, 0]}, {""name"": ""e0_so2#mc_ppb#0"", ""value"": 1, ""config"": null}, {""name"": ""e0_no2#mc_ppb#0"", ""value"": 1, ""config"": null}, {""name"": ""e0_o3#mc_ppb#0"", ""value"": 1, ""config"": null}, {""name"": ""e0_co#mc_ppm#0"", ""value"": 1, ""config"": null}]","{""km_e"": [""e0_co#mc_ppm#0"", ""e0_so2#mc_ppb#0"", ""e0_o3#mc_ppb#0"", ""e0_no2#mc_ppb#0""], ""km_g"": [""co"", ""so2"", ""o3"", ""no2""], ""km_s"": [""c1_0#ec_na#0"", ""c1_5#ec_na#0"", ""c1_4#ec_na#0"", ""c1_3#ec_na#0""]}",ENSABE020002
